id,category,run,n,without,with_verifier,oracle,selected
0e5419ef4e588925f73404f6e3a15ee21d4df537d06ca6e2ef37ded71bde54d8,T3,cad-astra-distill-20261004,4,True,True,True,0
1b636430f418a17e803d719ef12f1436df74b5145d82fabb4d5fa0c294beef41,T1,cad-astra-distill-20261004,4,True,True,True,0
385d6c6cbc686dde160d5fea301c723e6ba511e618e596e1a43953094011fb81,T5,cad-astra-distill-20261004,4,True,True,True,0
3f5ec5c5972f0d3dfc96160242f6a4061db66d0050fb7574d1797eff843646d3,T1,cad-astra-distill-20261004,4,False,False,False,0
76fc8a96e44b08b561730ca94e7da7b921d8b7c4f003a51715fab9902926c67b,T4,cad-astra-distill-20261004,4,False,False,False,0
a2763b8ee0861c39384f88a426721e96edc96ed6b8028682df890f433b7258b6,T2,cad-astra-distill-20261004,4,True,True,True,0
ab59d915456b9133dbb103b7c275c8e41528f69540368a24ed6ff058bed1f810,T2,cad-astra-distill-20261004,4,True,True,True,0
aef207b62d45189616dc3c12c67ba5562deaabddb86b52f095e6b34cf2bebb16,T4,cad-astra-distill-20261004,4,False,False,False,0
de278a6cf30153f8c71931997a3e20c3fd372783ed57ed72111e5ca5afe71f46,T5,cad-astra-distill-20261004,4,True,True,True,0
e3b1dd44294e114f92afba66bc38e87f50b845db1f3eeeca561ffd2808c1728f,T3,cad-astra-distill-20261004,4,True,True,True,0
003e7304c9d48b6953ffd8a6330570bc7f94ba3583e94ed966cef6bea48da4bc,T1,cad-astra-distill-n2-20261005,2,True,True,True,0
00a0cb0d520261d5bbbf684a9f07f9c9786487a1b77c00a966226ced776821ef,T3,cad-astra-distill-n2-20261005,2,True,True,True,0
01a06d4bc35c7de625296e2f6d05be1c5c2384d79fedc6d489ae1660be2b6bc7,T2,cad-astra-distill-n2-20261005,2,True,True,True,0
01b760f9c3dbcf0fb29229a890343a0f5523da934bbce1f8492b240d9f6d1ecf,T5,cad-astra-distill-n2-20261005,2,True,True,True,0
0202b4c7d3be3765b2e2a3354d570fcdcdb9d4d0c3c3e209a126d17bb0f7b67a,T5,cad-astra-distill-n2-20261005,2,False,False,False,
0277130d993917ff92eea32a28c395ae4d3e98517ffbdd651d6ca4dbbddfbed8,T1,cad-astra-distill-n2-20261005,2,True,True,True,0
039aad7ed0909bd4c1c575abe13e89ec03edf7f7e0c178eaae3915798f057463,T5,cad-astra-distill-n2-20261005,2,True,True,True,0
03c3f587d2e36fdbb5d3b910ab4ae9c5b19f1a7754f9401924d23207a6b654e2,T5,cad-astra-distill-n2-20261005,2,False,False,False,0
03f8ba8dbc458f67a229860d40aced80d574a9e500b662262b51a0d2d2af5acb,T3,cad-astra-distill-n2-20261005,2,True,True,True,0
042a36853579e5d482f1662c9a50aa67348816b40e1c4c83daae2117c2f0cd12,T3,cad-astra-distill-n2-20261005,2,False,False,False,0
045823ba37814163a7da3a249908f3f1a602ddd8805f2652c5201d3e84f5ecca,T2,cad-astra-distill-n2-20261005,2,True,True,True,0
0586c44a6198606a9bccabc549e241f538398deede5b3d3de6c7a670f0676c73,T2,cad-astra-distill-n2-20261005,2,True,True,True,0
05bdfa05ae1abcd2e66829f638e0ad04a04d1def7efdea63566e636ad31be4f7,T1,cad-astra-distill-n2-20261005,2,True,True,True,0
05bf7b66b9568a3eb48adb85f7565ba77a19672733447ee2d52645f6a561c7e3,T5,cad-astra-distill-n2-20261005,2,True,True,True,0
0670832a0d8cbd9285774a3e3505de8ac48b090f99aec694a64036827a7655bb,T3,cad-astra-distill-n2-20261005,2,False,False,False,0
070873a68657814d705a29b1c36216057bcf87a5ea521953c384c08e4bdf3595,T3,cad-astra-distill-n2-20261005,2,True,True,True,0
07fda1263293c8937e9408083c240e7444fd686f3bdbd88e27640b33d4d7b4ca,T4,cad-astra-distill-n2-20261005,2,True,True,True,0
083610f0ef69f20f5d0eb90ce757d40d8da53ad7cc9af55e198916b3e7c1af59,T4,cad-astra-distill-n2-20261005,2,True,True,True,0
087f5ea33fc0c264583d8321b1d10f4f4a93274af8f6ff136a252ee04bc5ddf4,T1,cad-astra-distill-n2-20261005,2,True,True,True,0
08a4bb0d25e7af30589ee2fec0f0a982eebe6fca738e07f9cfd70e45a5c9c3ab,T1,cad-astra-distill-n2-20261005,2,True,True,True,0
090f5edd242647674de3fbf53801b3e6d0b1452ceff0b58cc61114d2371cd4db,T4,cad-astra-distill-n2-20261005,2,True,True,True,0
09397df745f2cb3e859196af3b66f7b554f246fb2333dd01b82193da001ae96b,T5,cad-astra-distill-n2-20261005,2,True,True,True,0
09a624d0d01fcfe1b2b309c364933e0ca1080cd4a73efa3de6adca928e44cbbf,T3,cad-astra-distill-n2-20261005,2,True,True,True,0
09f4039ea3383340ef7e6c2328f56987897b7319f7dbd14f2eecc40b77c587ab,T2,cad-astra-distill-n2-20261005,2,True,True,True,0
0a605d32d634cc722690538dee50d558cb5ffdde48f18234b2f3180b5375da63,T4,cad-astra-distill-n2-20261005,2,True,True,True,0
0aec8b28298bf7217cd1bb48967e5c9e42dad0a21b95119f5d806da0529ca4fb,T4,cad-astra-distill-n2-20261005,2,False,False,False,0
0b7084dd688d12a20d66d68ff21605008a85d120e46764c693a00d256cd7d0ce,T5,cad-astra-distill-n2-20261005,2,False,False,False,1
0ba031d7f9650514547eedaf53436caab753e2030f7fad83fc383cf0a8ab569f,T4,cad-astra-distill-n2-20261005,2,True,True,True,0
0be3432a9d2aabf518b63b9faef7f81caa4a042b4711cf7beac18d94bb100cfe,T5,cad-astra-distill-n2-20261005,2,False,False,False,0
0d00b048f0082849348a0e4ddffa9ab5984315681e927c66e1a0a5f7608893b0,T1,cad-astra-distill-n2-20261005,2,True,True,True,0
0d0f7657a1191f45577545479e14e4162cc68f54d076454628c53f9d9292e086,T1,cad-astra-distill-n2-20261005,2,True,True,True,0
0d15855dbaf2fb83db9ce3e6b7c39e288585d352d99b38df9cc2d246acf7793a,T1,cad-astra-distill-n2-20261005,2,True,True,True,0
0d3873223631ccf645849827e9f0010c23be6171f6077c87dc754933d993061f,T3,cad-astra-distill-n2-20261005,2,False,False,False,0
0d63547f6d3db71b375febaa822e7bcd56646d2777f86ca853f154bbc9652bf4,T2,cad-astra-distill-n2-20261005,2,True,True,True,0
0de5af962c501ae4930a0cd24ea0783de8733688c126bee67b8959d15220d626,T2,cad-astra-distill-n2-20261005,2,True,True,True,1
0e500f92e1d1d592b4e2a04a3a92e3bf1c70e15967a36b13229a6b06b4c67957,T4,cad-astra-distill-n2-20261005,2,True,True,True,0
0e81de98e8071d0a6e24449872a89d3aaed2dff9d5989eeed34ea6adf536f5e1,T2,cad-astra-distill-n2-20261005,2,True,True,True,0
0ec65fa4a1073aaedcf60b6a96103011088bb7a00ea82270102e3c863bb29157,T5,cad-astra-distill-n2-20261005,2,True,True,True,0
0eea9ca890ef4c7fc767e73195e1d1484d3f89b7faa209a19e3f1f6f948b43e2,T2,cad-astra-distill-n2-20261005,2,True,True,True,0
0f0350506cbf92870640b33d786140c8b97e24696cf8b2bacbee92253d2a0e34,T4,cad-astra-distill-n2-20261005,2,True,True,True,0
11565d8562f22516773b2b91d4d68dec3069e9288fffbabbf3a890997cf9727a,T1,cad-astra-distill-n2-20261005,2,True,True,True,0
1237809c89372d1dfed224c6c815a4c827ca223b6231b54905360bb445dbf36d,T3,cad-astra-distill-n2-20261005,2,True,True,True,0
123d15134d7e20712f11ce49d239aa22334043c4e414cae69f86c160425932eb,T1,cad-astra-distill-n2-20261005,2,False,False,False,0
12778063b9ca66292244cac1dc6e01b08b3f87113a3074ecf7233dea3c1efb7b,T1,cad-astra-distill-n2-20261005,2,True,True,True,0
128efb1f12ca06acd045edbdd4bb633cfb794c98e8e8cf7560508b5376032882,T1,cad-astra-distill-n2-20261005,2,False,False,False,0
13da61fe77e8514cf5d3e008d3a95198a4c816926532c634aea6591e7f513e6f,T5,cad-astra-distill-n2-20261005,2,True,True,True,0
13f1da1d2f7f4b4a045271369516b6d3180c201119df345661f1cb70e4b1651c,T5,cad-astra-distill-n2-20261005,2,True,True,True,0
15d6193f81f3a45acbcda40d5afb0e8a53d3a636c834a8ce145568425356a63a,T3,cad-astra-distill-n2-20261005,2,False,False,False,0
165dfe6a3aa604d289f7e1c16137e3e6281db615cef2f306f543b43ed12a4eee,T1,cad-astra-distill-n2-20261005,2,True,True,True,0
17d19edccf2038f8d8d209f2f906d0af58a98161fe668305817c1c6e7a48424e,T3,cad-astra-distill-n2-20261005,2,True,True,True,0
183e9114dd45f39439068bb4c054801c30d6a147383acf4995a2df463c256157,T4,cad-astra-distill-n2-20261005,2,True,True,True,0
18435e2243ef917a58db66c386fe33f353d980bc0205074140080853cd021892,T3,cad-astra-distill-n2-20261005,2,True,True,True,0
19f3336fb9f290f7d45bc3813332fa7b285d9d1f2042d7e8ade8251fcfe3c36c,T5,cad-astra-distill-n2-20261005,2,False,True,True,1
1bd0155be5195eff9642b2a08563df49b68e99c908771c9c9ce1460b57cb954e,T4,cad-astra-distill-n2-20261005,2,True,True,True,0
1bd4bb2fac10a4578e6952f0d32eae6dad1eccda717f5654f5a606305b9a9e84,T1,cad-astra-distill-n2-20261005,2,True,True,True,0
1c02b1b0759be05efb6d591b30749e94283ee841a5c202562bf45351567fdf4d,T1,cad-astra-distill-n2-20261005,2,True,True,True,0
1c160733aa559f49ede2bd62b096d7c448d91ca5e0d9a24b508ae5bfd62f2221,T4,cad-astra-distill-n2-20261005,2,True,True,True,0
1c31960d19c3203856a65ad952ce056b2893e071a0c97ce8469837c5c4a89cf5,T3,cad-astra-distill-n2-20261005,2,False,True,True,1
1c3a461c0526476e6f9758321e86e3176cd28dddc3dab8cb92915409b298feb3,T1,cad-astra-distill-n2-20261005,2,True,True,True,0
1cb223ca94eff671de8f4abe75337aa4264ad67af53454896363fcb0bd6ed832,T5,cad-astra-distill-n2-20261005,2,False,False,False,
1cb75496bbfdf9772d9302662963404f3694e92900b7c35ff8a50ed33443f2f6,T1,cad-astra-distill-n2-20261005,2,True,True,True,0
1d8b17af931a7e41d82c7ef29167cc7fc3b1fbd5f27e40bd527c1a87f55c3e41,T4,cad-astra-distill-n2-20261005,2,False,False,False,0
1d8b423ac71ffb00e9d43a972d8713ee348ab8b466a7df4aab71bf80966eb887,T5,cad-astra-distill-n2-20261005,2,True,True,True,0
1dbed600a09917ede5b7a38f20cc78795558664bae3db2b180cff58786e7f787,T1,cad-astra-distill-n2-20261005,2,True,True,True,0
1f001537aa40c0ac2817cd2833409025c6b89d4b7252728951272b8c00f25d0f,T3,cad-astra-distill-n2-20261005,2,True,True,True,0
2072fafb51c757e50432b3b3c589ced82bc84b5d7595c81e1b2788b9c6d5e934,T4,cad-astra-distill-n2-20261005,2,False,False,False,0
21e81f5848712167953a395287a23168838bfb51302cffdf411bebc0620b983a,T4,cad-astra-distill-n2-20261005,2,True,True,True,0
2244bba2a6108bd924bce8b9881a6adbff69f5b13963e86c9ac187dd6d9aa87f,T5,cad-astra-distill-n2-20261005,2,True,True,True,0
232683ebd9da440db870e0a7fed7a91f9f53337565604e67b0de949981c6d9b6,T5,cad-astra-distill-n2-20261005,2,True,True,True,0
233f1e48062cdd8795591376c086ccda055208d4a05467ba2cebe3bc9ecc5b8a,T4,cad-astra-distill-n2-20261005,2,True,True,True,0
23d5531a63bd33fa6af40518b7a62a23aa501343fb122f13519cb86b828b5c51,T2,cad-astra-distill-n2-20261005,2,True,True,True,0
23f67e4f98c458f94cef856db8007bcebd533a6143a9929565fed2a26d7ce0dd,T2,cad-astra-distill-n2-20261005,2,True,True,True,0
247a2016872d1a306f2b9bad2c804e7d31d72cdd648c96da15c79dd5dce6eb0d,T5,cad-astra-distill-n2-20261005,2,False,False,False,0
24c2616d2f5fc77f3b18d406d1031ca434e298077634ef6349a4e5f3d10e4d58,T1,cad-astra-distill-n2-20261005,2,True,True,True,0
255d87249222d039225b5f0f71449097fd082a4d466482c145b4b86a66955fdf,T3,cad-astra-distill-n2-20261005,2,False,False,True,0
2562f8792a980255c260049b311ade6976ce6d736b1ba065eb3a06980e585f92,T4,cad-astra-distill-n2-20261005,2,False,False,False,
2668b2d8fb1c040cbb741382fee06f9e04239ee8966d723d4ec920a6d8425044,T2,cad-astra-distill-n2-20261005,2,True,True,True,0
266be1f42794bfd7997f7e123d9a826c5cadb3df0c637b920e884c50189fd541,T4,cad-astra-distill-n2-20261005,2,True,True,True,0
268469b6d3c7d3fe397fdd7bfb2c4ce7d2c5acfa44631e02d5e202cebdcaa8ee,T4,cad-astra-distill-n2-20261005,2,True,True,True,0
26ff6584f9161edb38e4163280212a1754871cc4c6341f7ef87b77ff3187d68e,T5,cad-astra-distill-n2-20261005,2,False,False,False,0
2749578dc0b5c7fcad042746e8532f34f7a853988d9ca0dc8684707e6eb0ad08,T3,cad-astra-distill-n2-20261005,2,False,False,False,0
2824b4e72525a03d5fdc75dc14a2dd8b725e4934c1d469c23bc9af8344b6df74,T5,cad-astra-distill-n2-20261005,2,True,True,True,0
2a0c3cc03019a87a0e88e8e0dc46534edbc37c038825e658c540d8aa3032c626,T1,cad-astra-distill-n2-20261005,2,True,True,True,0
2a7fbe2a4e6f946879636816ada4a518ff8f464475fb5e1a589b1173da5aea21,T3,cad-astra-distill-n2-20261005,2,True,True,True,0
2b011313d1aca44727c7f5c006c03b6c968d100b17ba6726ecd0bf337ef06347,T4,cad-astra-distill-n2-20261005,2,True,True,True,0
2b6f26aeab612756d84711e2ddb0e28516f0c0b57b872eb4e6c02400400251fb,T5,cad-astra-distill-n2-20261005,2,False,False,False,0
2c17e8414de0ee7bf11af3b6053912058ef42da4cfd4085eb03b5ae29061554a,T4,cad-astra-distill-n2-20261005,2,True,True,True,0
2c985c0a0e916f2b2793d066665aa75074c7a42571c0a24c34fa8fecb07334c1,T1,cad-astra-distill-n2-20261005,2,True,True,True,0
2d34279eceab7c91672fc7721cdc36b7df0fa08666cf7e3039eccba5b10042b4,T5,cad-astra-distill-n2-20261005,2,True,True,True,0
2dbf5b23a210d98c6d00e0f212f2b65cad5582f1fe4e3e2f6768b6764ac1f5dd,T5,cad-astra-distill-n2-20261005,2,True,True,True,0
2df22d62234c99eed107f9a7fcefc2c1d7de4d9cbff557ec246236a8d989c1d5,T5,cad-astra-distill-n2-20261005,2,False,True,True,1
2e5e823629867ea0058c5f5d522e5cc83b97f61e373773ad2c67a7b2deb1f4ff,T5,cad-astra-distill-n2-20261005,2,False,False,False,0
2ec9d53510ab6b3deab4965a3f3d2b6d88da3d630055b4a81e460b6aa673da95,T1,cad-astra-distill-n2-20261005,2,True,True,True,0
2f555d315e15cab108edec6ccd7c36957ff8f31463492e7bceacfb93da8a9196,T4,cad-astra-distill-n2-20261005,2,True,True,True,0
3044bd88ee246d05ed778748b7d7a3b98bd1dd5d18c0ec4b64759f3264de314d,T5,cad-astra-distill-n2-20261005,2,False,False,False,0
3084fcd971181f4114a9042fd5d1c247cb47ec72262e4e418fa7d13b2973b1c3,T2,cad-astra-distill-n2-20261005,2,True,True,True,0
30a275d5b115f08a58b6ad65b5ab8596442002abf063c1216ac7501b1121c220,T3,cad-astra-distill-n2-20261005,2,True,True,True,0
30e43085b47305cf958872190295438e0c16cf4915c3d262654d57355ca29067,T1,cad-astra-distill-n2-20261005,2,True,True,True,0
32ba5c1937edb093d0199da76be6f8c83d68d0fb219b0169ed46274b2b1277cb,T3,cad-astra-distill-n2-20261005,2,True,True,True,0
337fd19e3616e5bf2759d0b96b419c768943dad812b6e952665e74c478917875,T1,cad-astra-distill-n2-20261005,2,False,False,False,0
33b8a44bc3cbd49e24149bfa08da0fb47cde9ca944849f8c47635c3cd7fd186a,T3,cad-astra-distill-n2-20261005,2,False,False,False,1
34389cffaa74d42785d5fc2e7745256bfcdf3c7a260c50f8179795d939ba4273,T4,cad-astra-distill-n2-20261005,2,True,True,True,0
353566541a98542b84aa071ec85a0f0695bca9f01edb9735e16075114fb477eb,T1,cad-astra-distill-n2-20261005,2,True,True,True,0
35bcb97d3a79a9280292bcb5af3fe8a062f0563cd54c749214810c38ba2984e5,T4,cad-astra-distill-n2-20261005,2,True,True,True,0
363718dea5dbd99186d1724333bbb37c742b55caa2a24ad0af4ea2e501f1a4fc,T1,cad-astra-distill-n2-20261005,2,False,False,False,0
366be68d56f2f7965a03cd235d109f362c8a6f96b7a1308d4045ee56680b3ded,T5,cad-astra-distill-n2-20261005,2,False,False,False,0
36b7080c3255d1d22a0a7f6d44e94e1dd761dc84f1e859228f09486d6d4c8ae2,T4,cad-astra-distill-n2-20261005,2,True,True,True,0
36ce7a14c221a43cda63fb1cb79421910c788c05348657ee2be043a6bc8a4dfc,T5,cad-astra-distill-n2-20261005,2,True,True,True,0
371e111e446c0ce9be9f6cd219f54242fad0d6ccb18027bda2e78b03fbf1bb3f,T1,cad-astra-distill-n2-20261005,2,True,True,True,0
38599c21d1ef02f727c75ba01f8732517edc90ef6bfbaaacfbb689527a103a98,T4,cad-astra-distill-n2-20261005,2,True,True,True,0
38dd5c6130e5be17a078714bf1b4bdd99582482ec55a5ebf2c607f44d787ecf8,T5,cad-astra-distill-n2-20261005,2,True,False,True,1
3b4493fff93c1bd3a6cc46666994d373b363dbcdd3acd3a517513f7331d4d36a,T4,cad-astra-distill-n2-20261005,2,True,True,True,0
3b65465c9cb540f7e8b9d3975dc2cd25f8cb01aa2dd80edf5fffa7f4837ce1b1,T1,cad-astra-distill-n2-20261005,2,False,False,False,0
3b674f95359f47e3c4a5a6cf9620ffc1fafb6465cd5842ffe71f69d7e4a6ea7e,T3,cad-astra-distill-n2-20261005,2,True,True,True,0
3ba1ae34364231be033353a943e5d0bc5943912f9ffac4e4d1066a125abafcc8,T2,cad-astra-distill-n2-20261005,2,True,True,True,0
3c1d4f513a29dd7582654802933865006582402b2e694f81e26432f9a74deea2,T3,cad-astra-distill-n2-20261005,2,True,True,True,0
3d05291f9460c6dc00c0d37b2612f3b62f6ccc76ce112cf1879455caf8948b45,T1,cad-astra-distill-n2-20261005,2,True,True,True,0
3d29025d2dbf24b48162164f0e6f828be7d8a23b6496ca6ffbfdc8b92d3ee583,T2,cad-astra-distill-n2-20261005,2,True,True,True,0
3efb246fe88a724b4dd7ef4b37fafb4bd5e6be2af926f0cad702562755eec0d1,T5,cad-astra-distill-n2-20261005,2,False,False,False,0
3f0bae1b637f55ccd89b5ea13afff6ed5f0c1cde1819b654c4454970e73f1f97,T5,cad-astra-distill-n2-20261005,2,True,True,True,1
3fe738d08c0c4903cd6b140c64c36716117f7861b5372910f99eebc13d1a03be,T5,cad-astra-distill-n2-20261005,2,True,True,True,1
411bfd8aed930d6c40c6ed06d8ad3d1e1e6ba143502440474e3d86fa7be27721,T4,cad-astra-distill-n2-20261005,2,False,False,False,0
4236a26f3f6b9ac4d66824c4ac59f635b606a3a244a63a863a4fd9f6bf92c3c9,T1,cad-astra-distill-n2-20261005,2,True,True,True,0
426e6ace199f3a5f7fc1d4eaddc8d52ee86287e79511279dd8223fc4e30a164a,T1,cad-astra-distill-n2-20261005,2,False,False,False,0
430eb7324aad71d9e0a968e05762320eda4b9af0ce4610af2641180e89e6fb68,T2,cad-astra-distill-n2-20261005,2,True,True,True,0
4407b19aa42964bbe89666ecbef7ecd89f806d46558c7167e1433e892589bd5c,T1,cad-astra-distill-n2-20261005,2,True,True,True,0
4541478a797de18265f6d3e585a7c5160d17fd9047a19590c0a26d4297c1c89e,T1,cad-astra-distill-n2-20261005,2,True,True,True,0
469dd7954a05049cb00fb490d8ed554053a523917a109aa416d0f74ffa5b4192,T4,cad-astra-distill-n2-20261005,2,True,True,True,0
46e2ae8c051377579efdf95583c5871761565e76a7ae5a1a99fb31227da751db,T1,cad-astra-distill-n2-20261005,2,False,False,False,0
47c886110e5047cc92fb6a6ea8aee0eedd7122db52c0665b137a5c360127d70c,T1,cad-astra-distill-n2-20261005,2,True,True,True,0
48c2f0ea60622821d2ff4744bdf248258c201ede8da6159e837a55fede6fbc53,T5,cad-astra-distill-n2-20261005,2,True,True,True,0
49f811003c85b2c89517076ddfffa1b50ff76a26640430dae72a944998f7d850,T4,cad-astra-distill-n2-20261005,2,True,True,True,0
4adcda750772e0d6c2c7d4c0ba128eccc7d65bb9881f77128a7fb7c2f22a2bae,T2,cad-astra-distill-n2-20261005,2,True,True,True,0
4b494318bb11090e3fca6183a0b5b489a908293e3f27b5ab2f87436dfac8aa02,T1,cad-astra-distill-n2-20261005,2,True,True,True,0
4d3bcb5c260ff2e18d512124cead2b5a4341342047cd27d8e9a56551c543789c,T3,cad-astra-distill-n2-20261005,2,True,True,True,0
4d9b63312e25696928998b287215035d226e99333637985f35ddc3cb6c838c47,T1,cad-astra-distill-n2-20261005,2,False,False,False,0
4dda706c1a6ee107e147b15891a42467bb82e83815838dd53f01b1988b56b0d4,T3,cad-astra-distill-n2-20261005,2,False,False,False,0
4e1386faa46a9e68eb3b6aeca4ffe83c1d0c82a9829c224c24182e5734b530b3,T1,cad-astra-distill-n2-20261005,2,True,True,True,0
4f7dcf0b03eac171237f08b90c0cddfd856943e4dc31c9300c8737d79a075ea2,T4,cad-astra-distill-n2-20261005,2,True,True,True,1
517530cd2ab3c934ff2b166844fa9022477040f9129313ae52b38a3ddf9f16d0,T1,cad-astra-distill-n2-20261005,2,True,True,True,0
51bb3a6aabee04b0859f9ab1f33e567da7f668e66202b045814726a3404a04c6,T5,cad-astra-distill-n2-20261005,2,True,True,True,0
52453cc014f524556fb3e0354c5b3d24971711f8d29ddf83b209ce9809c0ad9d,T4,cad-astra-distill-n2-20261005,2,True,True,True,0
53b71db5f23c9dc44c8fef01d8efbf9022a058b1798d3b60b867f317be0f90a3,T1,cad-astra-distill-n2-20261005,2,True,True,True,0
53d1010bfb2cd57afd2f2f3974e4b9fdc699c622d9d2932d536ce8aa1a9a73eb,T2,cad-astra-distill-n2-20261005,2,True,True,True,0
54af5148be14616d16c8686e5a3b9841d8a237a51b98746bd038d38b4f6dec5c,T4,cad-astra-distill-n2-20261005,2,True,True,True,0
55de17ed4da69ee47dc3dfa92a1f8da0cad852229defc6d148f38e66a6a0ddeb,T3,cad-astra-distill-n2-20261005,2,False,False,False,0
56473bd599b22aaa70033c4b6d2b4fb5929fb63e4d9c5c5a0e89a874c06aa445,T2,cad-astra-distill-n2-20261005,2,True,True,True,0
567c95ad5ef173a94ac499bc87c9f0c39c02ada859c24a636dee488c0d20da51,T1,cad-astra-distill-n2-20261005,2,True,True,True,0
56898003662077f768d9a7967263518bf62a0e269bd98d0d6dd579cd44c0c9a9,T5,cad-astra-distill-n2-20261005,2,True,True,True,0
59833e2734285994c9d40e95dacfba7a8ea575b68daa87c2c8a20b228527bd3e,T1,cad-astra-distill-n2-20261005,2,False,False,False,1
59e1b4f71a68589a5c1f9698d4f447634565081d52bcd85fbe6144e09784d656,T1,cad-astra-distill-n2-20261005,2,True,True,True,0
59e2974b114bb5e7c69aaec10ccdd0ded37df84858917442dfb0598ce541ff92,T3,cad-astra-distill-n2-20261005,2,True,True,True,0
5a072bc77d3304fb749ae8113a508d03cdca094d52fe44f4456886936243db5c,T3,cad-astra-distill-n2-20261005,2,True,True,True,0
5a7b92f2ec42b321e819e27f65c12b26308196cadf014882b06908f429c1a977,T4,cad-astra-distill-n2-20261005,2,True,True,True,0
5b0d31ced4124c8d8ddd2cf570ae135c305fcc318f306f9bde82650a53ec0454,T1,cad-astra-distill-n2-20261005,2,True,True,True,0
5ba8ce32057924468f61427d230341ad5964cae0c0a5123f806fa3b9360dd19e,T1,cad-astra-distill-n2-20261005,2,True,True,True,0
5bab88e952ec84cd298cc8ac759ebebe5be464efb1903e9ae4e87bc53621e7c5,T4,cad-astra-distill-n2-20261005,2,True,True,True,0
5bee359412f2b73b26c954242e624072912b9f83cdbe6bf3769b8d71389697bc,T5,cad-astra-distill-n2-20261005,2,False,False,False,1
5bfc5f4a3872968226128e72b80ca260714d82892cbd028157c7a1d7cd40c137,T4,cad-astra-distill-n2-20261005,2,True,True,True,0
5c0382564f22b5b00ad15fd9480b2c75b8a3f680f67dc4ba1827b860a36ea384,T3,cad-astra-distill-n2-20261005,2,True,True,True,0
5c28ef624121ac30a604d3b5e3798dff13fed189aa9faffeb5247f444e257b00,T5,cad-astra-distill-n2-20261005,2,False,False,False,0
5cfdb6eaa199a1719a91e0c054796fff7305f985dcf4592e73515380c918fe42,T4,cad-astra-distill-n2-20261005,2,True,True,True,0
5d4960ab55de09f63455326dd8bd42d1a43ed38cb18a6346ecda964d9356ea68,T5,cad-astra-distill-n2-20261005,2,False,False,False,0
5e3ed76836cd5ffab4b9bc77644ff4bfc0f726c406f4303706e8139aba980760,T3,cad-astra-distill-n2-20261005,2,True,True,True,0
5edd3fc737731a13b29d7db956d94dba66e43959d9d86fa4bfdc7a87cfae9a7e,T4,cad-astra-distill-n2-20261005,2,True,True,True,0
5f13bc55daa179f045c0ad86be2c6ba6851cbefc20d146202a79253cdb9a93b7,T4,cad-astra-distill-n2-20261005,2,True,True,True,0
5f55069e4e231c67b189a1f8bd280d689999fa25a2034a47ba2d925437771ac7,T3,cad-astra-distill-n2-20261005,2,True,True,True,0
6016bcd0fbb34ee054a22e03f5e8d6700bd350d37257144cf9a8212cef7ea612,T2,cad-astra-distill-n2-20261005,2,True,True,True,0
6269ab4f972a700792aba0a0e424a93603c1fc87f88442cca30a9c8f37879174,T3,cad-astra-distill-n2-20261005,2,True,True,True,0
62cb04a31ada1b2d0e50c6f17fffd76f1d45bca083e3b917b5e751021d4c404e,T1,cad-astra-distill-n2-20261005,2,True,True,True,0
62e37566b381a4eb23db54619d9f20dd7d18fef08cb3bb9271da676408277053,T4,cad-astra-distill-n2-20261005,2,True,True,True,0
636cba897abe20240889b8ec62014944ce202f895f7d0cd1a08cf7b1e437aa09,T4,cad-astra-distill-n2-20261005,2,True,True,True,0
63a0edd17652aab704c7971732c479d555c4e84afe2e30ee1c958c0e66fac215,T4,cad-astra-distill-n2-20261005,2,True,True,True,0
63b6b882ecd0814d5bf23dfd0f3eda2a7c84e0f4711f253c00841b7f49038e1c,T2,cad-astra-distill-n2-20261005,2,True,True,True,0
64028bb82f4fc33b27e62d98abf31a60452821a9de594541604cb24b3a0d6e41,T3,cad-astra-distill-n2-20261005,2,True,True,True,0
64c68fb376a5cd44ddc08fa810318856f3ef75f166bd46c9b3a19e853605d1c8,T1,cad-astra-distill-n2-20261005,2,True,True,True,0
64d606f7f0d7ec536ec4916f5602824ff12693b56fa8a4ee09ede86016226032,T3,cad-astra-distill-n2-20261005,2,True,True,True,0
64ea144589d510874d2dbe9511800f84d3ed589e30a70a795e5da5e7702d346e,T4,cad-astra-distill-n2-20261005,2,True,True,True,0
65494078041458d4594313a7ab6187363846a837a4fbfbbfd46a5991748cf651,T5,cad-astra-distill-n2-20261005,2,True,True,True,0
66105055c6eff0dc72379de2ecb8ce32cffa183b89a1a1cdcc7ab99bb8497b70,T2,cad-astra-distill-n2-20261005,2,True,True,True,0
667f9c0faa4e293dc7299edb9432cda9ed0a5fc06e02e5d7cc8d45116e333ed5,T3,cad-astra-distill-n2-20261005,2,True,True,True,0
66e8b92a3faced5f76dbda9aa5698a1ae44ac0d16a5cf74ebee0767e7a35f316,T2,cad-astra-distill-n2-20261005,2,True,True,True,1
67b0ac3f6b393d2c32816f583d113ee28cdcbc07c652938edceaf732f2eb239b,T1,cad-astra-distill-n2-20261005,2,True,True,True,0
67d6e7db8aa9582d9852882f6e72cf7a08e194cd2a3d7a2a2964f71c1fba8b5e,T5,cad-astra-distill-n2-20261005,2,True,True,True,0
691abea9862f7f626ce49186026145ab4d3a5855acef1c4048efad01c391aed2,T1,cad-astra-distill-n2-20261005,2,True,True,True,0
6995e3d7c810536a4239e30e9ee1b332927c454b5785318b91dcb6923e77db1f,T4,cad-astra-distill-n2-20261005,2,True,True,True,0
6a448d8bf6dc4fe9b2b1f19eef49b2bb378507388bce799722dc95b5d0c61341,T5,cad-astra-distill-n2-20261005,2,True,True,True,1
6a7ebd87c6b5fcf286fcd22fa85843e371b8a6103306004de677e5a8f2df8a21,T5,cad-astra-distill-n2-20261005,2,False,False,False,1
6b018ed3063c8d66834395422ebff1fe64dc8243fcae32dbb5e19d131f62ac93,T4,cad-astra-distill-n2-20261005,2,True,True,True,0
6b92b2c9d79307c8208594528efb055d8c583cf1cc2a008029733be0626b47fa,T4,cad-astra-distill-n2-20261005,2,True,True,True,0
6bbf7fc1ef115264dd7ce1bd21947bc45d9fa6512c6ad8561c84c4d3e869eaac,T4,cad-astra-distill-n2-20261005,2,False,False,False,0
6bc58590d4dcb9b241aac57ec5309a9d97fcf4a52f1726290e9bb760f9775102,T5,cad-astra-distill-n2-20261005,2,True,True,True,0
6c07cb2f56ccf8458eefbb0c089b8ba1228cd71866e0bbaa1c29109ef82b34af,T1,cad-astra-distill-n2-20261005,2,False,False,False,0
6c5287d71c03bb6c0e54c6ab4fc3f660147125aad4070807fb34298065a342a5,T4,cad-astra-distill-n2-20261005,2,True,True,True,0
6c92f5522174a3c7c02071cdf7392628893635e73f8fc2842998a6ecc63d3ff8,T5,cad-astra-distill-n2-20261005,2,False,False,False,0
6ca990b98221fa83e6acf4e9d51ed307c6e3a3266efc3323e4be208ba06f62fd,T5,cad-astra-distill-n2-20261005,2,True,True,True,0
6d00616f0e09e37f98ac90b104fb5bd9c6602a450e97e3420b3ac2f3e7164ca5,T1,cad-astra-distill-n2-20261005,2,True,True,True,0
6db0e74571262ad9e60a98b6f41e6e5fe99ad45b3b10adf7cf13131601762615,T5,cad-astra-distill-n2-20261005,2,True,True,True,0
6dff8dd961c1b9684ffed2b618e5d3ca5c492ca168ecc9894b15a733d9d1e059,T4,cad-astra-distill-n2-20261005,2,False,False,True,0
6e68f93764550cc1c909914f8121c0c3b8cbc5a432c933189376680fdfe281f2,T5,cad-astra-distill-n2-20261005,2,False,False,False,0
6e8c8025a6d5da9a724068826b3fe3bfe2dbafcb804f9f0b2262046b19f68518,T1,cad-astra-distill-n2-20261005,2,True,True,True,0
6f522f3ed69d30ca8f72fa42ba78fa710d86af4fa1b5461896f632bf6da5e195,T1,cad-astra-distill-n2-20261005,2,True,True,True,0
6fae8b93beca83b48dc73e80e5268332006e37743ed7416b25159d562e64d2d2,T5,cad-astra-distill-n2-20261005,2,True,True,True,0
6fda4284198a22c464ceb6eea74a9b82710f85d3150b4442cb6ac79ea483c726,T2,cad-astra-distill-n2-20261005,2,True,True,True,0
700529a8f7e3cd943c7b542d6326dc354a8a909a2b82e6b2f30c22c9e6ffcd20,T3,cad-astra-distill-n2-20261005,2,True,True,True,0
70294ab56b1026e33a8293cb585a12ad0d515bbce2453053ae34a3f590b3a55a,T1,cad-astra-distill-n2-20261005,2,True,True,True,0
7090a83127ac67da2c2409e41b41ef2a550d2ddfb277ef4c2f33bafb561e556a,T4,cad-astra-distill-n2-20261005,2,True,True,True,0
7159d61e734bfdb63d221ad1dbbba7610a157962a2006ae91e6c574a5bf54a80,T1,cad-astra-distill-n2-20261005,2,True,True,True,0
719b75ed8e6376adfc36190accb0415a1aeaf3a42fdf0f3123079ffa519f345b,T2,cad-astra-distill-n2-20261005,2,True,True,True,0
72c08e6de1399a4df2864642bc8bf0d7859032e2e623757d0751def4e14288b8,T2,cad-astra-distill-n2-20261005,2,True,True,True,0
72cd773d37c8729722ed48db7b3b2b744ec3d2e2f4a335861ec3cac7f4e76e96,T1,cad-astra-distill-n2-20261005,2,False,False,False,0
72f681c639a119eab22ae0f410bdd114ab55fbe77c3efdd9e3528aa845385002,T3,cad-astra-distill-n2-20261005,2,True,True,True,0
741bbe9647ca0d56e00145a44e47e0c322bc9b28aa7f3e0c1d31b414107bf829,T4,cad-astra-distill-n2-20261005,2,True,True,True,0
763b170ac034b20e0e52e15503a8e5eeb0ec6d88a1f8130aaa4b2a0a1088ec64,T2,cad-astra-distill-n2-20261005,2,True,True,True,0
77093e59d5d1a67b37316a9b9f95c9c8dbb6461ea90110bdebc4ef39c031387e,T2,cad-astra-distill-n2-20261005,2,True,True,True,0
77f57f57bb65c7a6172328ee197a3fe2ad67c9113147c01dc822018726be56de,T4,cad-astra-distill-n2-20261005,2,False,False,False,0
78367165da52a019b1b524b13931d3830ab45a9a5f12f037a2a48a9f600aefae,T4,cad-astra-distill-n2-20261005,2,True,True,True,0
78a7ae27c1906b659be7bc235623847ca0e57551b9be275e1d0d63c4b94f6c55,T5,cad-astra-distill-n2-20261005,2,True,True,True,0
78aaca1d631f2226cde925f7a3a4c0e488611f32f08097b64ba96a84910ec970,T2,cad-astra-distill-n2-20261005,2,True,True,True,0
78e59881d95328bc0f38664d6e04278bc8cc90a7ad75e5da658a39758f05d2a4,T3,cad-astra-distill-n2-20261005,2,True,True,True,0
799d75af88373cd4be312a28a86290b050df3709a7f64b0e6e0d73b0f8c389da,T3,cad-astra-distill-n2-20261005,2,True,True,True,0
7a031a7651a07abeeb56cd52feeaaf5e0bb1c042cdba22855fe6ac27084d6923,T1,cad-astra-distill-n2-20261005,2,True,True,True,0
7a4a5219fced6aeb1e6f18a90768305cc7e879113e66ce5486782a111aa77b55,T1,cad-astra-distill-n2-20261005,2,True,True,True,0
7bd01c71e7a0990521ad16bbc7fee5d7edbb4250dee8156380cda9efc50489ab,T2,cad-astra-distill-n2-20261005,2,True,True,True,0
7c0732700ff79f06145b6b4c1861d6736784cf3e6341b5e3bd0e18afc38da415,T1,cad-astra-distill-n2-20261005,2,True,True,True,0
7c8e694af6c418b3f74cd6336ee74c474df13f32c9fa84e93f49b98772fd19e9,T5,cad-astra-distill-n2-20261005,2,False,False,False,1
7d171341b95d5e960f1a8f9bb659e21784ecfddc797238a75d9b0a28d53d6679,T4,cad-astra-distill-n2-20261005,2,True,True,True,0
7d39b14372677f513055389c136fd203a16b69ca6524ca30ea1ab3f309868da4,T5,cad-astra-distill-n2-20261005,2,False,False,False,0
7de286cc915dab42bff9cfb42462704dbcc6dc4f406e98ed58ca911ab659c496,T4,cad-astra-distill-n2-20261005,2,True,True,True,0
7fba5024211a667176bdb23383f4bcfff796a086d423e2914832ca0d12017ae8,T4,cad-astra-distill-n2-20261005,2,True,True,True,0
7fc4ccc1f71dd3185f531a8dff2a1a55d060e9b00137ff6dd7e2d30d4080df54,T3,cad-astra-distill-n2-20261005,2,True,True,True,0
7fdf9da67454819ffdd9bf30f66492b71c8195b09eb4117dad81f0eb613e85ad,T1,cad-astra-distill-n2-20261005,2,True,True,True,0
7fe9e88b429f40d693a61f1dc9301b8e39c708d062bbc240ffcbaec34bb3e1ae,T5,cad-astra-distill-n2-20261005,2,False,False,False,1
80b78c886fe1d74ee9fabf88e776bcd5f541ea438564fbc6e12a87ac22eee755,T4,cad-astra-distill-n2-20261005,2,True,True,True,0
814252ac0836f0c6bc40ff48764cad5ec45727fc1073292842ba0cfaca10f529,T1,cad-astra-distill-n2-20261005,2,True,True,True,0
81e5578b9099fa2a6511fcc4c12c43fba084ceb534226f4876b8498b64a339c5,T2,cad-astra-distill-n2-20261005,2,True,True,True,0
82775a49e6f8a863081da34fad847d5f0cf5ca6b0d9dd9c5e57612119703c648,T4,cad-astra-distill-n2-20261005,2,True,True,True,0
82f48fcd05b12f00c54419833507a4fa31881fc1896817fd84cd897bd71b6543,T5,cad-astra-distill-n2-20261005,2,True,True,True,0
833b2c006f8d99ba09c1474113e44d19f73c2c9dadbef69fe0fd3eb35f3bf0d5,T4,cad-astra-distill-n2-20261005,2,True,True,True,0
83df31132df19345497bbc2310f40c1096f7555aaa46583a69aa23bccf3ce1d6,T5,cad-astra-distill-n2-20261005,2,True,True,True,0
84e3fc394ba2fcfab2d8702d7ccecd3605b03da536fd67c67da6f80f3af590b9,T3,cad-astra-distill-n2-20261005,2,True,True,True,0
84f10eb1330f09200225cfc1b63f6e9ddb729e0141123d461ee07937f7349988,T4,cad-astra-distill-n2-20261005,2,False,False,False,0
85cc80cf3bc6ff89024ce85663944b9b170c7facd4a82c92fa5b957481d01d77,T5,cad-astra-distill-n2-20261005,2,False,False,False,0
8617c0c1fa1d27a5a3cd40b9b43e0d50b85792a4782a2f6c398e3d2e98f080ae,T3,cad-astra-distill-n2-20261005,2,True,True,True,0
86bfcc4d2d4a5fcd5b89b2cb6963fba95cd0c816821bb91dbd5da085e3446f2f,T2,cad-astra-distill-n2-20261005,2,True,True,True,1
86cbc8a3d490fa8959a02c777581a04fa0961a879968213f2fc628f0c626cb77,T5,cad-astra-distill-n2-20261005,2,True,True,True,0
871ed96bcf831dac71066752288c6e815c3b11e7f9f1c263a77abf7f63d2d0c6,T2,cad-astra-distill-n2-20261005,2,True,True,True,0
8767607a39646bc0513dd0f5cef30e06da938757835a4ebf47872c4aea70641a,T2,cad-astra-distill-n2-20261005,2,True,True,True,0
8794a4b9ccc9f03b3b5a0b146f03ce181885dc9925065427857db4eb474b081c,T1,cad-astra-distill-n2-20261005,2,True,True,True,0
87b489c5c5ad6499980ae5f53e72a26df322a08cca8d48fa338717faaaed1835,T5,cad-astra-distill-n2-20261005,2,False,False,False,0
87d40039486136c04418067115f831c7bf4c130e838fef53b024750426389456,T5,cad-astra-distill-n2-20261005,2,True,True,True,0
8999a85957c6200a5511ecd7c9c5c8ef9c906f57edcf4754143ea9b36a2fa948,T5,cad-astra-distill-n2-20261005,2,True,True,True,0
89baa8ebedbc2e7b09a8d402e82e3139b33aef20e854093dc466ad41736bcbcc,T4,cad-astra-distill-n2-20261005,2,False,False,False,0
89bfe56d4ecc28aa6b97c08ac7e1157471d7f812ba625c0dc16938dcab2a77bd,T1,cad-astra-distill-n2-20261005,2,False,False,False,0
89ccce0b0b30b3704b0560beb43a658c234c792c7a293288191020c76c9c5281,T1,cad-astra-distill-n2-20261005,2,True,True,True,0
89e7f077fec4521f1f20ee195cd2dac3240001a97c568c4dbc757a8ddc94aa69,T3,cad-astra-distill-n2-20261005,2,False,False,False,0
8a2c6cf9da7d90fa44055f909778ee3c797606a8438d6c133ea65ce1f6df8920,T4,cad-astra-distill-n2-20261005,2,True,True,True,0
8ae8f2a004831eabe04e01752f7468ddf05b9b1abe92eaa45571e45579383496,T4,cad-astra-distill-n2-20261005,2,False,False,False,0
8b71b62becfdb7eaa0cc17e227facf7ed6cfc1e8fdf6ef91fd8263c64623a984,T4,cad-astra-distill-n2-20261005,2,True,True,True,0
8b9a0a4ec97cfcb487a7069f340e3d9968ca94e0dca50ca04ffd1412d21926c7,T5,cad-astra-distill-n2-20261005,2,True,True,True,0
8bb96e6849c0ec861f3423cfb72e8d4fd307c5ad849d27ac1cd7867a220cff8a,T3,cad-astra-distill-n2-20261005,2,True,True,True,0
8c7a48442fd328a67f72a24a0965cb37d7c1314f2b9c90f2025da9d6dc07d08b,T5,cad-astra-distill-n2-20261005,2,True,True,True,1
8dee2d1fc61e2e904a26e318fc9a75a2c0e57d768e6749b8dae4b6a5f5b087f1,T4,cad-astra-distill-n2-20261005,2,True,True,True,0
8ea69f0f1ac83c8e1dde7f9c42c3456d800ffa5d37b5e5c5659ddad2638598e4,T4,cad-astra-distill-n2-20261005,2,True,True,True,0
91203d3ac77f6fb7b8213243b9b0bbe285c182fc2c05e415b266d835b31f5d74,T2,cad-astra-distill-n2-20261005,2,True,True,True,0
913a319633d42a242dde880bd3fcf4a180c32f5dc81fe08d9c045027a1ecf639,T1,cad-astra-distill-n2-20261005,2,True,True,True,0
91649231a7ae731a2a300dc4f80880da4546a58787ec7e5a0e978b823846daaa,T1,cad-astra-distill-n2-20261005,2,True,True,True,0
91f3ee574738294f4db362a8002d216e781cb47108330fc625859db964f45d27,T1,cad-astra-distill-n2-20261005,2,False,False,False,0
94483cef8ba2c4e9f6c272d97d8e69ebd0b9fef5fd2a54e7bb2d896758145b40,T1,cad-astra-distill-n2-20261005,2,True,True,True,0
94d05127542ff02ca8fa32f3d8f9cc01a28c1d7530fd1da4a736741e524c4642,T5,cad-astra-distill-n2-20261005,2,True,True,True,0
94dd24f81a3e11bae194cd3d7ad29b8821d17e75a71bfbdf31c5451edbc6bde4,T1,cad-astra-distill-n2-20261005,2,False,False,False,0
955bb2a6086315cae09d04b8f90cc21d570d793f8d6ae7d35da3e9ba1b069287,T3,cad-astra-distill-n2-20261005,2,False,False,False,0
95a3449b7edc20552cc6903945790bfe430c28eb1a0fb31a102a2d67a022c4c5,T2,cad-astra-distill-n2-20261005,2,True,True,True,0
9668a1676bf32c94a8f42d92e96ccb844b71d8c21e097b42d14d9b3b5aa9d66c,T3,cad-astra-distill-n2-20261005,2,True,True,True,0
96d2815c4179496dc432b71fb52a58536568925003b8dac922acd45ed2cbe3ea,T1,cad-astra-distill-n2-20261005,2,True,True,True,0
973291846989f3618840f61fd535422b34d966a387daab749ae332bf722f9a0f,T3,cad-astra-distill-n2-20261005,2,True,True,True,0
975cf051b06bc76f98c1d7431b6c4d33071a2b8087f8e88d64f02d8c77505ea5,T4,cad-astra-distill-n2-20261005,2,True,True,True,0
97778fdcb3110a1b02b4f5d9069dfdf87971f3786973aa0470a4ca1a0052d30c,T1,cad-astra-distill-n2-20261005,2,True,True,True,0
97cf2b4b043a2413a715dc9761431edf94796d006e7a40211e256b50e0d46236,T3,cad-astra-distill-n2-20261005,2,True,True,True,0
981787da2ec4a3c1083768b1e145dea57b7aaf9dba041f5a0191d98cb0316a7b,T1,cad-astra-distill-n2-20261005,2,True,True,True,0
9847b4222e28c0adce7c6422aa7da7e7d140d286f349d7854ba83d30f7cc2db8,T4,cad-astra-distill-n2-20261005,2,True,True,True,0
99216092a5d8267b01294617307b29d2095f700b9d3f6312be34b5836702299d,T3,cad-astra-distill-n2-20261005,2,False,False,False,0
99a87926b59e90cc2dae62c3022f47c616fa62ae0bbe0edb42c161e9f3f98cb2,T2,cad-astra-distill-n2-20261005,2,True,True,True,0
9a235633d921c8947a499a09e1282639bac94bc61688d188c8fb0aa55e1d3337,T1,cad-astra-distill-n2-20261005,2,True,True,True,0
9b6dade4f705b121a2cb7c397f4520b854177d51ca51628086f7c81df7c9f17b,T1,cad-astra-distill-n2-20261005,2,True,True,True,0
9ce3bed5bacd4d15dceb6c40454462d49745cc86ac969b69c59be5507174759d,T5,cad-astra-distill-n2-20261005,2,False,False,False,0
9dc4ece204d076075016caeb6fbeb264b689de23eb329b46bfcda04d38cc61fc,T4,cad-astra-distill-n2-20261005,2,True,True,True,0
9f536ee27d698be8515b93956c83cf74cdbaf09d6986c68ebe41f8ba8312e3e7,T4,cad-astra-distill-n2-20261005,2,True,True,True,0
9f9217d46396040f81caaed79222d00b1681bf0038010db36311937cb6e87024,T5,cad-astra-distill-n2-20261005,2,True,True,True,0
9fe0b67e4feb2dd32ed3692a6ee2c007c10be5319814c4157dfa87ca854c7bb6,T2,cad-astra-distill-n2-20261005,2,True,True,True,0
a007c6bed85bc797308a73386c2c67f337721cbca9bdf4c2cfeffaeb30ad22b4,T1,cad-astra-distill-n2-20261005,2,True,True,True,0
a0a047a3ace9775146966db332115fd891aa5559251b58e08c75dc9f5d79ff4d,T3,cad-astra-distill-n2-20261005,2,True,True,True,0
a0a77f466dda5ec43822032cc43a4e167eee85d70d7659db453778530a867ca1,T5,cad-astra-distill-n2-20261005,2,False,False,False,1
a1088f8c167879cbc51f5caf4f0f3b4358d2a902f0d248766f45959aba56b42d,T1,cad-astra-distill-n2-20261005,2,True,True,True,0
a2a412c61740edab1215cdef987b59936d83fc8977dfbe0ca8959262a0a58a32,T1,cad-astra-distill-n2-20261005,2,True,True,True,0
a31305c09c25b99186fccc9a66d0dcf53ea165bbc73448fe0497b1eb7b7b79a3,T1,cad-astra-distill-n2-20261005,2,False,False,False,0
a35caabd31d5411ddf96b5b47bd31b1b174290a114ba733beca2523a7fe7aab3,T5,cad-astra-distill-n2-20261005,2,False,False,False,0
a3d93030468668208c062912c453bc7acf4eb6827bb83015a8218cef9138ff7a,T5,cad-astra-distill-n2-20261005,2,False,False,False,0
a40402bc3506dedf1936b258c8eb435ee7ab9b8b04f0f37c0194acb4385157b3,T4,cad-astra-distill-n2-20261005,2,False,False,False,1
a4e7a32ab8a7c189957f338f8262b2a28097f7b21e27e2ca2957ddeb2055a6a9,T4,cad-astra-distill-n2-20261005,2,True,True,True,0
a594e5896e9d20340fedb8d76e8e36358752be96cbfd1800401b9124aa08f530,T2,cad-astra-distill-n2-20261005,2,True,True,True,0
a5f518845ac7895df9c68d40aa6e59dd08fadc8a1c79da9a655f61a85b9b8618,T1,cad-astra-distill-n2-20261005,2,True,True,True,0
a607ea666c3b21b5b8d81d303e11d61325fd56d2249fe339308bae3613721c52,T1,cad-astra-distill-n2-20261005,2,True,True,True,0
a688aa4bceaed6eb4853f61d26a7992a13bdce46fc83637e3d96739511706230,T4,cad-astra-distill-n2-20261005,2,True,True,True,0
a7c658c3afd7f7107eb709b80def50ff2e4955ddae1f5a34d6031c5b182ceb4a,T1,cad-astra-distill-n2-20261005,2,False,False,False,0
aa2ce49de7510d67f5cf601d33f3277c2f6716adbd3d1993b1aa88f032b13205,T1,cad-astra-distill-n2-20261005,2,True,True,True,0
aa2ec16d8a4fd2d9525c3b4fe053465587a583ed2bebdb37cd5ac6f04162cd96,T2,cad-astra-distill-n2-20261005,2,True,True,True,0
aa63e278014c70f40ab58dbaa8010e71b435acb4c7c9d489c25e8a4dd11930a2,T3,cad-astra-distill-n2-20261005,2,False,False,False,0
ab210ed2215eeab81aca36a7b3eaeea74e91a9c0fc1427058ab024968ed3875b,T2,cad-astra-distill-n2-20261005,2,True,True,True,0
ab45830d4dc49c65eb2bd426de72714d8eac02c268618e2ef79edc311c7c8284,T4,cad-astra-distill-n2-20261005,2,True,True,True,0
ab6b79a16fa48fbb56319a4ac5870f5073a5c456dd0d19dbd550948b0b73f341,T2,cad-astra-distill-n2-20261005,2,True,True,True,0
acd10179d19a00073bbd14ddcee0fbf2c47990b7f80beedb4ad8067b02114870,T1,cad-astra-distill-n2-20261005,2,True,True,True,0
ae2dd12f8ca128b9409cf36879ef4557bb5b7901a5e46dde314cc15458cef135,T4,cad-astra-distill-n2-20261005,2,True,True,True,0
ae2e264afc29dc2ebfa82ea6308be2b29c138f291fbc0afc0ebe017c41bb1462,T5,cad-astra-distill-n2-20261005,2,False,False,False,0
ae6a617bbc9bde3789be1a26f5e15740688e3218fbf2ecebcb17dbd75223d1ad,T1,cad-astra-distill-n2-20261005,2,True,True,True,0
aeba1116e1c972e00b1001d58f707d9d8f9983f919feef3ace1fb96b1ade81e3,T3,cad-astra-distill-n2-20261005,2,True,True,True,0
af4489a210f06ad160e61b923aecd233062a13a682e1fa6745336abe5c4514fc,T4,cad-astra-distill-n2-20261005,2,False,False,True,0
af58bdd670dbce8d656029a68a73c7aead79454e544c83e1cec819f713e23043,T3,cad-astra-distill-n2-20261005,2,True,True,True,0
b004cef70e85392ea11a7305989a0573010a4e1b9e20432cabff15fce59c148e,T4,cad-astra-distill-n2-20261005,2,True,True,True,0
b011ced4d27d317fa1fd72c98946374ab46d1e4fae1e8431516f422b116e0bd5,T5,cad-astra-distill-n2-20261005,2,True,True,True,0
b06026ffc8e2cf430f788c850b4934b122565b9873e4417a1a6bdb5d560a72c2,T4,cad-astra-distill-n2-20261005,2,False,False,False,0
b0706f5f1676b68172a81b8abea002e410b7420e5851b38fd5af534650c07fec,T1,cad-astra-distill-n2-20261005,2,True,True,True,0
b1cf5cb38a8a03c4d094a80bf2415107b011191276557c354836fc2aab56b8b2,T5,cad-astra-distill-n2-20261005,2,True,True,True,0
b2573cb2b599ae4893f704d346249ea55a637d38ac9b2b50890f9a0967ad96bb,T5,cad-astra-distill-n2-20261005,2,True,True,True,1
b2704b384ce012c413101c6fcdcf7243951c2e9a3edc0a951db5fea6fb406748,T1,cad-astra-distill-n2-20261005,2,True,True,True,0
b363a04562d29a7e0e208d48324ca28c39ad3149304c1e3ba3054abe3054da98,T4,cad-astra-distill-n2-20261005,2,True,True,True,0
b3e6d6f7cc515cab1c8c7c07180893734c8426468289e65aaa69d7abda9260b7,T2,cad-astra-distill-n2-20261005,2,True,True,True,1
b4ba077d98f4742d8e42640e4fbbb494a7699ff34d354ede522b3579b05fa559,T5,cad-astra-distill-n2-20261005,2,True,True,True,0
b537f450cbe6a5b60e9f1054f78ae180ea10dc5094fc43a5d44760c9a8955860,T3,cad-astra-distill-n2-20261005,2,True,True,True,0
b580c3d22f20b8da5746476d6539de000c20fa761901a391e9e5e00347aa31c7,T3,cad-astra-distill-n2-20261005,2,False,False,False,0
b5cebf5cde96f9c73dfb8f56063ab737c5c8023cd8c37def2ebfb49794a2fdf2,T4,cad-astra-distill-n2-20261005,2,True,True,True,1
b5d568ddf000412bd900528383d1a37dd479ffcc638fa39e4473f941b751200a,T5,cad-astra-distill-n2-20261005,2,True,True,True,0
b65bf1d88e7afff5fb8458ab262ecedf2a36cdfddbeb945e386d027a6083f1af,T1,cad-astra-distill-n2-20261005,2,True,True,True,0
b69c71c1d2feb7c75e8ea0dd3d139f36183135b083c4b4551db684cf8e1ef1c8,T1,cad-astra-distill-n2-20261005,2,True,True,True,0
b6cef34c033a3695013bf712b42cc596c1079f245c21bc8c3ced0b543e190b43,T3,cad-astra-distill-n2-20261005,2,True,True,True,0
b806cac7b5b7d0b0b20e5d7b53fa75f45b4628875b32f69ee236dc795eaee70e,T5,cad-astra-distill-n2-20261005,2,True,True,True,0
b8306d68b31a80f95a37a17e2aee8cf04a83666d2eb31b355a8533dfb5657851,T3,cad-astra-distill-n2-20261005,2,False,False,False,0
b864b51e8047d9917b831d28dbbdfb5ec5946cff8a2745152b0010e4f1bd1b67,T4,cad-astra-distill-n2-20261005,2,True,True,True,0
b8840b760c158ad5f9434233e571068202f04a95d386a07ec4068310d13c6d2a,T5,cad-astra-distill-n2-20261005,2,True,True,True,0
b8e847e2446dcb3b774d9f9abed4273b2f24a63f1bcbe413550c8001cbbfc1a2,T4,cad-astra-distill-n2-20261005,2,True,True,True,0
b987d7a981c0b0cbbed979828dcaf81dacb8b6892d05e48c3d73e45600d568ee,T4,cad-astra-distill-n2-20261005,2,True,True,True,0
b9b1d7365ad9cbdd8c1d9f3cedbfbc263cbdd075dcbe0dc6fe90fff83e53de9e,T2,cad-astra-distill-n2-20261005,2,True,True,True,0
ba1a629b5f438425b52f0b8bc1b7ad2c603472c3ccd7017455ca61b4943233ad,T4,cad-astra-distill-n2-20261005,2,True,True,True,0
bac299be10e79f851d055d2263996f54bc5e0bd4e584d4719243651242ef64b4,T2,cad-astra-distill-n2-20261005,2,True,True,True,0
bad21dc9a865849903609211017350648090e4fa55531ccdd37fa5aa063dccf6,T1,cad-astra-distill-n2-20261005,2,True,True,True,0
bb89a0a37de35aa9c4dea2876ad59d41d858d2c7f1bd1308d1d9fd9e94ed3774,T3,cad-astra-distill-n2-20261005,2,True,True,True,0
bc2704751c5dc89c89dff46db63bd7b70be72a71d0ca33d7ddeb7a5a713f0ac8,T5,cad-astra-distill-n2-20261005,2,False,False,False,0
bc8b1110081a2c52236424fcb11908d20abb50a2f6b732087eba0a18e871545c,T2,cad-astra-distill-n2-20261005,2,True,True,True,0
bcb67c19336fe4f0aef8d9fae8a9a72bb41b29babe555ac491f97c16cb6635e0,T1,cad-astra-distill-n2-20261005,2,True,True,True,0
bcc1adee0ddc088558c6090828b452faf1c587aa27c1c3282a704c9701c2ee02,T1,cad-astra-distill-n2-20261005,2,True,True,True,0
bd1227697d55cc912e6d66bd87e6107e8ae09c79df64357f7b1a8b8652eb57b6,T4,cad-astra-distill-n2-20261005,2,True,True,True,0
bd6a60dfbf1142801102809dc143394153aedcacf9e4e80a3a28a6fd246203f2,T1,cad-astra-distill-n2-20261005,2,True,True,True,0
beb39e95d33474b6c28dbc04736c47f97be8b6777f3540b2be360d26f114d131,T4,cad-astra-distill-n2-20261005,2,True,True,True,0
bf5ebcf8c1624fe39a16afd4b5df3103b1855870f59a7430934770a10fa8041d,T1,cad-astra-distill-n2-20261005,2,True,True,True,0
bff43643f4b6d84c46ea74497b5ec503e18f346df2ba6bdcd1564a51a7aeeb6b,T4,cad-astra-distill-n2-20261005,2,True,True,True,0
c01ba5e1a9f4e54c2614cc1aa5f134cdbd06bc93d65e158b7032c690b1222726,T4,cad-astra-distill-n2-20261005,2,True,True,True,0
c05842b61b0d38a8b409f1139d334ea8f52f6a170dfcddf035778b4ab13fdd14,T5,cad-astra-distill-n2-20261005,2,True,True,True,0
c0a4f2100ed939e3fd93d51049c26fc3b13a0666d63d925977f59409f981482b,T3,cad-astra-distill-n2-20261005,2,False,False,False,0
c38d01ff36aba1c9fbb43aa23ef774baf618bfc351eb15a522f3542f6854893a,T3,cad-astra-distill-n2-20261005,2,False,False,False,0
c38facc4f7db851a45518323788f056ae03c08292c614d35ad0a58c856adc684,T4,cad-astra-distill-n2-20261005,2,True,True,True,0
c3a2befd3ff109054d2e5b99e6b487d4981fed3b9136597e6159e6de23d60673,T2,cad-astra-distill-n2-20261005,2,True,True,True,0
c461a9ac5477add8e447e16a5070b8e38736a9c5b71c2bfd90df3cd9087f54fb,T4,cad-astra-distill-n2-20261005,2,True,True,True,0
c6315da9dcf4e1b4384541158589c842495388a395742f070b070a046c0e2d8c,T1,cad-astra-distill-n2-20261005,2,True,True,True,0
c6848b37af95ba616acf1cbed612322f2282614a1195555f374075c01ed80726,T3,cad-astra-distill-n2-20261005,2,True,True,True,0
c824ce5442f7d54c9c449e3848675cd428767089634b31edce8f7a0bfd231841,T4,cad-astra-distill-n2-20261005,2,True,True,True,0
c86d7099f05acbd28f0561566465cd965facbe019d6ad82f9eabbf18f4d7fa75,T3,cad-astra-distill-n2-20261005,2,True,True,True,0
c89e85f54ac0e0df3d5244a25276237f4cb8722bead88cbb2711668ee4c9b6aa,T5,cad-astra-distill-n2-20261005,2,False,False,False,0
c9e342995b90ba61f1d19f5710aea2cbc8a9304cb1044f9d2495fb2790ff08a5,T5,cad-astra-distill-n2-20261005,2,True,True,True,0
c9e89d574f951d0f5c91ee5dc3e9245070bdf241e8253a5b1cfcc6684640e39a,T4,cad-astra-distill-n2-20261005,2,True,True,True,0
ca3da82089ec5436a0552cfd8f38fb901c487d23caff22391f81ffec4d09f290,T2,cad-astra-distill-n2-20261005,2,True,True,True,0
cb2a7de16c5b08e92cec81624f64f4d0480642f57d60f4937412cc863602a1ac,T1,cad-astra-distill-n2-20261005,2,True,True,True,0
cc4dc7576f47058a4ca3a78bbaf566e81b6ea6519a1568b0c1ea6724a14bd5fc,T5,cad-astra-distill-n2-20261005,2,True,True,True,0
cc5ae1c58c1e4aa8960345b108acfe67f99dbf05a3d40ca5eee279eccf691475,T1,cad-astra-distill-n2-20261005,2,True,True,True,0
cc90d3d0ae58a8a8c3b546e17d51af4640f5edf2eaedd16dce841d0e31b197a6,T4,cad-astra-distill-n2-20261005,2,True,True,True,0
cd2156f0a1ea8408c04a9dd751564d0e81ac335a219fe9f729776d89089f5715,T3,cad-astra-distill-n2-20261005,2,True,True,True,0
cfefa9ba905c6802168a966a8078dc660be028f0eef8165d14c430eb72aa3d80,T1,cad-astra-distill-n2-20261005,2,True,True,True,0
d020e6815b60637acf8b5b4a69480748f47253f15520d1315fab9ecab1c4d699,T3,cad-astra-distill-n2-20261005,2,False,False,False,0
d036f392cf4a38b000f114f022bd1b92cff87fa5fa420357c915fc0703112b42,T3,cad-astra-distill-n2-20261005,2,True,True,True,0
d058d8f53b6946c347dc6e0e1222e102dc059edefa386a995f69fc2f014c222e,T4,cad-astra-distill-n2-20261005,2,True,True,True,0
d0c96a23eaabdf445bb253aa0559717d9fbae0ac83c821742c800c6d25c3fca9,T5,cad-astra-distill-n2-20261005,2,True,True,True,0
d2f0578be6ab3160aa1d59e5d2cc3ac829baeba05ca0c233e008f54863a9f205,T5,cad-astra-distill-n2-20261005,2,True,True,True,0
d4b0e3b4ab682172aff86ecaf25de02038c8987b3cbc8ca306ab72ddebdc65d7,T4,cad-astra-distill-n2-20261005,2,True,True,True,0
d59f1f059b8cfcc61ff314326a302d62899e61e994f30cb81d35cbf859d66404,T1,cad-astra-distill-n2-20261005,2,True,True,True,0
d5c23d0a26d3b5748011e858ac7b540d6e20be90fafc9748aed3b508b0ab40ae,T3,cad-astra-distill-n2-20261005,2,True,True,True,0
d613aa032b3f92bbacb7e9a2ff0ab74153450156f7da4260ce0adc34011d399c,T4,cad-astra-distill-n2-20261005,2,True,True,True,1
d675b85852bfce4db7e35a2559715229852d774926ab871b17295e39c107cd19,T1,cad-astra-distill-n2-20261005,2,False,False,False,1
d6804d50d3cdab552f0717bdb0c60154907cb9dcf796434b92cc3416d0568b6b,T4,cad-astra-distill-n2-20261005,2,True,True,True,0
d6b126bdb5c291497936c13d005b8fb27ef776284ca9abe7b29b5f2f95668300,T4,cad-astra-distill-n2-20261005,2,True,True,True,0
d7a9a875db6b6bb0bb8fa6c25d7291a53d80154f1b8ddc5467f1e47549683e83,T4,cad-astra-distill-n2-20261005,2,True,True,True,0
d7b173ef01ddb380603cbd36bb2357fa7ca183e8572519c68db5664e1fa5c58a,T5,cad-astra-distill-n2-20261005,2,False,False,False,0
d7c336a02e6f76acd6bdf28e0b560dee6b34368f5b799e472d789baee7453a44,T4,cad-astra-distill-n2-20261005,2,True,True,True,0
d7fe4553ecd63991a27d01a0aa8f123cb07ae8d107ee9797c082a76623576755,T4,cad-astra-distill-n2-20261005,2,True,True,True,0
d827d3e3b4d1bffecde1b078f93d17a42f3480ab04351d9d050c0fc28bab9aa6,T1,cad-astra-distill-n2-20261005,2,True,True,True,0
d8cbd80a786732ef3a85f9f03fcd7873de81541597695d9ca53e73a998142ab7,T5,cad-astra-distill-n2-20261005,2,True,True,True,0
d9f4f7a0cd3df4328eeb6fdc40feb0d797c9eb39d65ee587cdd894a1082cdc8f,T2,cad-astra-distill-n2-20261005,2,True,True,True,0
d9f6e609a57733428add3f5110c08e0ad4c5892b57cbbfc26b1caedff11eaf2e,T2,cad-astra-distill-n2-20261005,2,True,True,True,0
db6f3b1669ed1101b1fc48bd8ef426c4feb8883cf78fb621e4f70ad696e9c26c,T2,cad-astra-distill-n2-20261005,2,True,True,True,0
dbd8da3599f3dab87ecf735f6c103134d7c5d12c74be1d0cc0a7f7616f4d814d,T4,cad-astra-distill-n2-20261005,2,False,False,False,0
dce5193a551894b5e9ce56e5b18fd88726fbbfd9f7330816b06f4f30f5159712,T5,cad-astra-distill-n2-20261005,2,True,True,True,0
dcfea4c784daa37a7d97f86bac2d6b457cc7af5953752d71a8b5546429c32e40,T2,cad-astra-distill-n2-20261005,2,True,True,True,0
dd4ba1a9321fc8a630f89ff8963470167be5a2cb87342399e5e0393458f5ca8f,T1,cad-astra-distill-n2-20261005,2,False,False,False,0
dd9b0ebe5fa961a93766afa7424348688ad8cc1cc2dc86e26cfc6c9190674465,T5,cad-astra-distill-n2-20261005,2,False,False,False,0
de30301f066fbf459f01491ea0401b4747d8a5b5fad9303c0342df3a21f181d6,T2,cad-astra-distill-n2-20261005,2,True,True,True,1
df13449068ed92cd043b9883c73620ce0b80344ec37616f576cd7d4676bf8482,T5,cad-astra-distill-n2-20261005,2,True,True,True,0
df8b0f9cd9cc642bd263b96092d46c97a25e6f304ee698c5c4cbd49ed13c3a60,T5,cad-astra-distill-n2-20261005,2,False,False,False,0
dfa189942b3be9d3829e6512401b56494b95fbfbcddbc5709d28102d986c709c,T4,cad-astra-distill-n2-20261005,2,True,True,True,0
dfe02bcb2fe37c2fb62870b257d53172384468eb9c595b609cc4f0d90487126a,T5,cad-astra-distill-n2-20261005,2,False,False,False,0
dfe5286db2c622437796d65a1786b623ea8ccbe0b8c4c2ac8e308b3cd6341fc9,T3,cad-astra-distill-n2-20261005,2,True,True,True,0
e0751e6339572c62f6ed7daa4085f678f23ca9d56cfc1d86a0bf409c115c5e1b,T1,cad-astra-distill-n2-20261005,2,True,True,True,0
e134ea75b2e30b7957ce82d7033007ed8760ce1277367cd616ac05a1bab3be32,T5,cad-astra-distill-n2-20261005,2,True,True,True,0
e22b14e85e547a8915d47fbedbd302e8ae41b95f6cb473d6a7896b26ae2e2682,T5,cad-astra-distill-n2-20261005,2,True,True,True,0
e2eb7f3db449ea02249634bc763571e160143e3f8b389e419a2a8dd8768f69de,T1,cad-astra-distill-n2-20261005,2,True,True,True,0
e2f70381c0934e79941943e556e2e8bf120d71ffe67c3d52f93dd094a6b0146d,T1,cad-astra-distill-n2-20261005,2,True,True,True,0
e361a76389f9526b60e67da80cf242c5707640c6a7af53532cbdd7ce512d9315,T4,cad-astra-distill-n2-20261005,2,True,True,True,0
e3b6b1dac8f98ea909bd01bb6101374064860d88aa42053a86951dfa8bd98f9b,T1,cad-astra-distill-n2-20261005,2,True,True,True,0
e437848f401eb8322875c016c2235bbf0f2d27eedc73ad9628623a2ea2190bdf,T1,cad-astra-distill-n2-20261005,2,True,True,True,0
e4e244801e867d3f2c71c98bf1757c4f026c328c9d5378e9572f32cc706b4cbd,T4,cad-astra-distill-n2-20261005,2,True,True,True,0
e5238983dc966bc4dfd52ffed1fd0ca62d61b3b0598a1820c0562c0ee99ff46e,T4,cad-astra-distill-n2-20261005,2,True,True,True,0
e550764be545ad0a966ea421521927b4e475ad41bdd563922d53e7081f926a77,T2,cad-astra-distill-n2-20261005,2,True,True,True,0
e6c15e1d65f52993c0cf0a0175da625b6d4803fe4d0d3f9f801e1819345166bc,T1,cad-astra-distill-n2-20261005,2,True,True,True,0
e7ab68b839745a211338e62f115e79759d5e5143b0d23c117ae56ce85f5d6acc,T3,cad-astra-distill-n2-20261005,2,False,False,False,0
e829aaf89aadb28d0a8312b77f1bbe0a95b45e6f2556f98007aa7aee112ac2ca,T2,cad-astra-distill-n2-20261005,2,True,True,True,0
e95613c0051aa006e624e44b571119c28874f7c8075263a04b73f2e4a9910c7f,T4,cad-astra-distill-n2-20261005,2,True,True,True,0
e9a143135663c7152cb85fa0a400696d1a388696eaac470b1487fa4909e89e94,T1,cad-astra-distill-n2-20261005,2,True,True,True,0
ec1a75059e65cc53e88e4a8ae14d3c72e207218380ddb3023ee6d3bc2b059717,T2,cad-astra-distill-n2-20261005,2,True,True,True,0
ec9f341977d7f324cb640eb79949ca4e5362a854b1e51f3cdbebc5833779c171,T1,cad-astra-distill-n2-20261005,2,True,True,True,0
ed56420d747770bb63750485a406c57014744228eb0569ff1e27b0a11ceb5010,T1,cad-astra-distill-n2-20261005,2,True,True,True,0
ee5c699beb73a139f241e9c6f0328a042c765c11c1be6f2769621b536611c8ad,T3,cad-astra-distill-n2-20261005,2,True,True,True,0
ee77b358273a5f5981313e2aac3fd6666c65969fce28b6041354b980ee2af305,T3,cad-astra-distill-n2-20261005,2,True,True,True,0
ef2fcf99cac2e5e61744560039f56420ac514fdabd097261592cbeff46549a87,T2,cad-astra-distill-n2-20261005,2,True,True,True,0
ef8bbbf46fb57ee3c3bf4fc66a158ab9f47fc5c968a5bc27aba3ee8863069980,T3,cad-astra-distill-n2-20261005,2,True,True,True,0
f01110a4900c0f9eed9c95b0f15530c8373f00beba4e1a01d1b78b7981ae7cb2,T4,cad-astra-distill-n2-20261005,2,True,True,True,0
f09a0443beec3c0a74033e69d1a3b9f187b4b96f1bf5528ddcdc6de797529015,T4,cad-astra-distill-n2-20261005,2,True,True,True,0
f09aaac82adcf0bb764b9b70938e5eb14e9edc55f8b8e20956c5d6438f0a4241,T1,cad-astra-distill-n2-20261005,2,True,True,True,0
f0be23e8b4ecbc8aa9e658d85e849a3e07c4bb455f57e5f56a33b61f075605c0,T1,cad-astra-distill-n2-20261005,2,True,True,True,0
f0c806f93e9378931666e2eebaee269bd8cbd4ce576a557157bc35ca9720f76f,T4,cad-astra-distill-n2-20261005,2,True,True,True,0
f13bab5498735a7c5f4f05e1e3348f8a5343ec579cf1cbb12eb68187549c19b1,T3,cad-astra-distill-n2-20261005,2,False,False,False,0
f13e3bf4fd92b6ce7ef589b0af16e7e7f54307a91dc1834e42368045c079cf04,T3,cad-astra-distill-n2-20261005,2,True,True,True,0
f1730730fb661064cf85327e77bd3e75ece4022c9f87c6af01a89eb3942abb87,T3,cad-astra-distill-n2-20261005,2,True,True,True,0
f1c34468afed8af0b1ad0f8655f04344612a438c7b120a275a99c6d3e9765da3,T1,cad-astra-distill-n2-20261005,2,True,True,True,0
f1cf46404c4b816627b414556e43e446cbcdd4b8ca32af83f77705854c560b32,T1,cad-astra-distill-n2-20261005,2,True,True,True,0
f1de2ae2dd14f253a1752281d061a575bb3bba5264977aee9eae61e58445d45d,T5,cad-astra-distill-n2-20261005,2,False,False,False,
f3200a13b68ac18645dd3be1f78442cd7c439347c295bed9c85e2a3dd3859db0,T1,cad-astra-distill-n2-20261005,2,True,True,True,0
f339109eeb88c7cef66d22a405b890795f01a96795b3f31cc0a0526ee606ff47,T1,cad-astra-distill-n2-20261005,2,True,True,True,0
f46f23eda5151773ef140fafa39487a4fdd0527ad45ef5bac94a8b1739cd6e9c,T4,cad-astra-distill-n2-20261005,2,True,True,True,0
f70414d139c90a554a1f09e2b6331ba9fd503e9891a43566f0168238e68b618e,T3,cad-astra-distill-n2-20261005,2,True,True,True,0
f78d30765703dd156c90b711e7d80620bcddbf979293a0270a4ef4de12abca4f,T2,cad-astra-distill-n2-20261005,2,True,True,True,0
f7a42bceb7df5af1754dc40d12b2afa39c640a8f838f36e39efbb37ffc9b6d56,T1,cad-astra-distill-n2-20261005,2,True,True,True,0
f7d89aed5f125d85e3edea05147cd1d071a54ef389160c9966ff5fc10238eb05,T2,cad-astra-distill-n2-20261005,2,True,True,True,0
f9a78a0006e95895977284eed43121e56233393fcdd70ab47b0fdaf51016796c,T1,cad-astra-distill-n2-20261005,2,False,False,False,0
f9c81cb481513dcacef064c820b2d38ce0e7bd321284b97d354021ef5732026e,T4,cad-astra-distill-n2-20261005,2,True,True,True,0
fa192245deb8c2c4e16dea4cb98adb4ea3fde19cbba832836aec8780170209c0,T4,cad-astra-distill-n2-20261005,2,True,True,True,0
fa4ec4e5eff97fb4ec9cb5ec946d29318e2aa4a11184d6e513e11574eaf4bc00,T1,cad-astra-distill-n2-20261005,2,False,False,False,0
fa7dd713e579a3b7fb45feebadf5e19e4e35b08651c2f9d73e3d36fbd145db5c,T4,cad-astra-distill-n2-20261005,2,True,True,True,0
fb91dee5e2da37cb7b22a79cf392f0007f066950f32e9bf6abb3a77eb4acaefc,T5,cad-astra-distill-n2-20261005,2,True,True,True,0
fbd6b79c1c1d628ba3dbddfb915c46ad7d43b92aefbb669beb29cc1395f817e2,T2,cad-astra-distill-n2-20261005,2,True,True,True,0
fcbd3e54225bd7f0423299ed6d97fd6bd0c19339b6cda9b258e2480fdefd4bfb,T4,cad-astra-distill-n2-20261005,2,False,False,False,0
fcf4ee5a9c28beb2b5aacb6e8d2e9792174acb61669a1919c5a1f0f8fe843144,T2,cad-astra-distill-n2-20261005,2,True,True,True,0
fd46661a57f975b1f76ec4eff85ea947b7d292a5daad62f4b62283d6fd5a3962,T1,cad-astra-distill-n2-20261005,2,True,True,True,0
fe4b4f51d7283f52e786fb4798e770798b18cf1bb34f0e4de9c9884b88152054,T1,cad-astra-distill-n2-20261005,2,True,True,True,0
feff42fa0d9fc17d7c04758c0f47234685508a50c1e4e65401fa116b0482e163,T1,cad-astra-distill-n2-20261005,2,True,True,True,0
ff30a463f12df742e3faa5ec4f696245d6dfcfc211940c5dc17ee18546d5b47e,T4,cad-astra-distill-n2-20261005,2,True,True,True,0
