id,category,reference_valid,without,with_agent,verifier_rejected,repair_selected,baseline_iou,agent_iou,scorer_status
e674a4dd9b0aaf8b84be25dbe9292a95a494253c2f02dfc8b498a9624cd870ad,T1,True,True,True,False,False,0.9999999991660986,0.9999999991660986,scored
8f1de115e3de3b00b8bf14f670e211990d3bcd44467f47e42ba27b65ee91ec42,T2,True,True,True,False,False,1.0,1.0,scored
277d8aa20750580740bcc632bab52250ed4a5f1331c15a55d7fb6b818b178826,T3,True,False,False,True,False,0.5750843192863532,0.5750843192863532,scored
f160dd055256e7663c86af765fdf20f8a2498f4de49e1677dad2ee61a8d69c0e,T4,True,True,True,True,False,1.0,1.0,scored
5349e2901f1920ed73e9e092f5cc740476ad8077741024e3a4121d963f6c8340,T5,True,False,False,True,False,0.9912886821513013,0.9912886821513013,scored
a5331ac07e9e4bbfb2351285648893f9aed364215534545c2646bc7b45d69a67,T1,True,True,True,True,False,0.9999999999998861,0.9999999999998861,scored
07b7f981e2677d31d64722ce48afce6682797e4752ad5351d07de31228c34847,T2,True,True,True,False,False,0.9999999999999997,0.9999999999999997,scored
0a16dd8acdfcef6be73e335871c0a83c918417cce325011f6e9481032e505a19,T3,True,False,False,False,False,0.9999826666112153,0.9999826666112153,scored
f0e1d3a47e54d1f5c3d9f2a1e9440b2441227b2917be77796904ce1b06ddb24a,T4,True,True,True,False,False,1.0,1.0,scored
d000c8c09d5581543d86f30d011029df94456bdc80e801b3b0e00d5ea13fe457,T5,True,False,False,True,False,,,invalid_patch
26fa2cbaf3f2af359379a7509547068207e3a434c47f4381275756fc7631d9f6,T1,True,True,True,False,False,1.0,1.0,scored
0bbbd9c4a787d242a32cf24a8e12ec878941432a70ac4aa9559afdcb3aa3e683,T2,True,True,True,False,False,1.0,1.0,scored
bc48c07fbbe8a3004c06344916a50893db3f284392d96350a58382c20c828a8c,T3,True,False,False,True,False,0.9265894708350279,0.9265894708350279,scored
78ed9867fdc028e6e94aa115ce38e51bcb3630be95361609fdb3095902ff9147,T4,True,False,False,False,False,0.9933639385898702,0.9933639385898702,scored
2c65d517f488a2425bfdceee46165258bba45405639e0e792ff6434421c08dcf,T5,True,True,True,True,False,0.999999999999992,0.999999999999992,scored
fba0ef0ece1fc8f96ebd5762dfc02ffa363257def624820d013f5f4d26fd97d0,T1,True,True,True,False,False,0.9999999999999897,0.9999999999999897,scored
90e459b521e8ff9c3c5b8c888a40c8b27982ff8bf62719584634decef4722e27,T2,True,True,True,False,False,1.0,1.0,scored
28399b4ad77e0587e9d1e7d563ec6a3a23aaa3a2fdf42f047fccbd600debb05a,T3,True,True,True,True,False,1.0,1.0,scored
511b48e9304b4f209992476550c822f4f358ec8ccf7756369073dc67ffa908dc,T4,True,False,True,True,True,,1.0,scored
91ccaddbd8b87f2a277747864c95f6bb680ff16b289f9fbc3fb493545b4d780c,T5,True,True,True,True,False,1.0,1.0,scored
b2ae2231c6e7c307f74f9a95c27e308b6cc18f0968c58731d15c3b5602da9729,T1,True,True,True,False,False,1.0,1.0,scored
2fbfeb05e4b05a544c96209779df1eb0aec5ffa128dc0625e5075086592ceff4,T2,True,True,True,False,False,1.0,1.0,scored
c5747e0790d471b6421c32ec9f19633084c53a3d44d63a3a035e7436ac5cd482,T3,True,True,True,True,False,1.0,1.0,scored
8ad0f7003dcfe4e976053020c98a49ab5b5f3cf4034d346b10be4ef1f8d51734,T4,True,True,True,True,False,0.9999999999999943,0.9999999999999943,scored
87b4a22cc6f2570458f04637c3c057d2962e5537e76bff0c6be36a292783e041,T5,True,True,True,False,False,1.0,1.0,scored
6e10b5b469346c80fed505940ecc0007cb8c7f54af53df256d40e7c9db6cae72,T1,True,True,True,False,False,1.0,1.0,scored
4c14069a0fa96c971e846368715853185fe87f8cbc7bae83f773b404ec8a9a26,T2,True,True,True,False,False,0.9999999999999901,0.9999999999999901,scored
b5a9985b0d7417efed878ed27a8265c567618cede9ef87e321fb54fc66dcfaad,T3,True,True,True,True,False,1.0,1.0,scored
15eccb8909e471286ff034527d719e852b23a6b34ec312ded549f33c69bcfc56,T4,True,False,False,True,False,0.9299348417663202,0.9299348417663202,scored
02f4de6321541a5c1cfdbc277796458b416513cec6a43b6f9d7400d1e6d9ce3a,T5,True,False,False,True,True,0.9798549658170151,0.9798549658170151,scored
f40ef2d478cf1413031bead757b27bc154f5818c2488ca200eeecbb39a2438f2,T1,True,True,True,True,False,0.9999999999999712,0.9999999999999712,scored
9e60b2818631a846267b561a585038e21336a78eef69ecc51819898678093d14,T2,True,True,True,False,False,0.9999999999999909,0.9999999999999909,scored
6ce5bdb1478e00a1f6e84476cd6e0d8f8571ab30f003f2a25be2666ea76f8c76,T3,True,True,True,True,False,0.9999999999999981,0.9999999999999981,scored
8ccc2375cca0916eb5a47165e64666bb7466e78b6d297ee6f04547bd99dad3b9,T4,True,True,True,True,False,0.9999999999999988,0.9999999999999988,scored
677b012f1bb9ddf729a01cc181aaa070849f2e39060421f5f79d8ed527d8eb1a,T5,True,True,True,False,False,1.0,1.0,scored
e3b59a2c1e2a6d4254f8a916e03d02ad51178e9b62d58e59372fb6bcd38ae3df,T1,True,True,True,False,False,1.0,1.0,scored
a5b5cc677cadf72d6f0e503e7032a6f34efc326cf6d0ccc6e5abab398c6c30ce,T2,False,False,False,False,False,,,reference_error
2a01d618f651e9bfb33dd36a6fbd9a6d06975144f4d2cc6901827da29660bdc2,T3,True,True,True,True,False,1.0,1.0,scored
ff53be8be0e549f7893372e2c07984aaa33fbf7265d30b11ff24b665de4b1aa2,T4,True,True,True,True,False,1.0,1.0,scored
51b6a18ad24356d6cf8fbb89e63aa6af95e8db5481bad7a35869dfb7ac04bb6e,T5,True,False,False,False,False,0.7471122510203867,0.7471122510203867,scored
ca142e3a04e88741171e5a661f3fe7e3357c307398820fee65e265a88634daa7,T1,True,False,False,True,False,0.0,0.0,scored
66a42610ec54e8541e6a8c8ddd1c76d4e327cca9daddd3f1bdd5eddf3fddb3ad,T2,True,True,True,False,False,1.0,1.0,scored
bbdb450343fc06a476641396efcd2a4ce282904c7bac488391dac0df598ca8f7,T3,True,True,True,True,False,1.0,1.0,scored
bc0e656e1eb1c06c31b296adf6d4ae53608eb6b6b51a1bcdf8d8c26904c8ecf9,T4,True,True,True,True,False,1.0,1.0,scored
de5dd311e2060f598cf89a7c1141849625a30fbe65c9ab4d0b6d41290311d22e,T5,True,False,False,False,False,0.7199504232442075,0.7199504232442075,scored
43deaf729e84dc9ac73ffe829ca3015b3e0dd701c4546eac2419b14646046648,T1,True,True,True,False,False,0.999999999999995,0.999999999999995,scored
f89859b59987ee9369182ac0c8e910b3678ddb1ac626647e16babb93114b63be,T2,True,True,True,False,False,0.999999999999917,0.999999999999917,scored
aea612b8757cb3076a3492ef62d4339770e716be2bf14a11042b25298ef14215,T3,True,True,True,True,False,1.0,1.0,scored
56b1bd3dd64aecd9d2922429371d80fc7d9a16a1d07953b73752b9c2a12a69e6,T4,True,True,True,True,False,1.0,1.0,scored
4a5b23f6c4145047b5d69424441acab62c20e8a6efcdc0e6ec3002406720b249,T5,True,True,True,True,False,1.0,1.0,scored
9cba395b6b583b31553e6c3e1945f3efea62fd3c680b125dbe692db4534c8d16,T1,True,True,True,False,False,0.9999999999999991,0.9999999999999991,scored
221a15f19c140fb765f08bcf8cf0dfb5c8a86d696a6e0774e7ba8a5bb2513ec5,T2,True,True,True,False,False,1.0,1.0,scored
1918890a624c01e6b35ff4c912d08633ce696c9f2ae28ad50af81c851587a56e,T3,True,False,False,True,False,0.8838341879909505,0.8838341879909505,scored
77e8f50ce66ad6214231e78cc4c94beb86a66354b7adcd838285753ef83186e8,T4,True,True,True,True,False,1.0,1.0,scored
62a438863676abbd15223d7aca160e214aaeebdb4156fda52d4a103dffb599c2,T5,True,True,True,True,False,1.0,1.0,scored
7c81a13d9c18b1c1a27abbadd28393257dc5a3b73e99664fc797279a6318cb87,T1,True,True,True,False,False,1.0,1.0,scored
fa1fd33d5ca13d62544b14b33f44e6e20ffd3c8c46dc90323e8ea13550b9ef57,T2,True,True,True,False,False,1.0,1.0,scored
6f2b09df41518c24d507dedff3ccc9626b1d801bc4b83bfb282d718dbe3db205,T3,True,True,True,True,False,0.9999999999999989,0.9999999999999989,scored
43b8a23fd4235e983f81ac47ac2d1f3a7770bf6e33da643eee4d7356cfc30884,T4,True,False,False,False,False,0.9672832346282939,0.9672832346282939,scored
6a58b0a679be74559731a775b38463be2d4ad0fd95e53208d5612ad4a8582717,T5,True,True,True,False,False,1.0,1.0,scored
8e067f643cacc05675381fab83ee4fcb4851d4a51701311511d20b32a57ea2a3,T1,True,True,True,False,False,1.0,1.0,scored
b2096df2210f9ba0d42adf9b729fddc81fa7ff17f085dfbb9fb1d5d54eb02a2e,T2,True,False,False,False,False,0.9935010346978194,0.9935010346978194,scored
bde0c445e7d560a8cd9d7871ee954a297768d8845dcb76f7a4d1b93243a53b6b,T3,True,True,True,True,False,0.9999999999999754,0.9999999999999754,scored
75a0263f3bb93707e55a835bedce4bb6a2ca12af61b8122945146752feb69014,T4,True,True,True,True,False,1.0,1.0,scored
36fbd041eb815d5039a0c81ab7be40e709231edb4e4f67def5b907d963b79de8,T5,True,False,False,True,False,0.9593043982608976,0.9593043982608976,scored
9821218e70d7f321eb9c13f1b312a5a906848c1115bd9b3e2c5373a97fdca4aa,T1,True,True,True,False,False,1.0,1.0,scored
4869e7a5debc0f4070c47e96c14ca6d515e034ef59504bff4f443036a1eda290,T2,True,True,True,False,False,1.0,1.0,scored
433bf04f8a0c5c9fe984a37763f9fa3b0db9ebae035ec1d974c2f0e4c8b7e9d3,T3,True,True,True,True,False,0.999999999999994,0.999999999999994,scored
52761787aa876cb90473c46749416d456aed183da632629950b7f86b9295d373,T4,True,True,True,True,False,0.9999999999998896,0.9999999999998896,scored
598d8e306e6e1f029f4f820057431e288e2e547ba1c4ca48aeb95829208e0f47,T5,True,True,True,True,False,1.0,1.0,scored
50dc4a3ac34271ea4a56e67608796aa89da6a41400da66eece9d310262f26c98,T1,True,True,True,False,False,1.0,1.0,scored
de79f3bd7c24008442057d92580c6dbcb46e855493d0bbc4cc6ebc9e5804fc79,T2,True,True,True,False,False,1.0,1.0,scored
9137a0ea501a2de0767750edbac92f6a3a7ae09db402d83e61e330fbcce83818,T3,True,False,False,True,True,0.8660254037845104,0.8660254037845104,scored
d4e567b749d92dc6063439d19d32a80dafa0b1c5403cf8cfb4962abc439a11a7,T4,True,True,True,True,False,1.0,1.0,scored
d6cb7a4decbbec4b1a0061dca12e8e6a567b5cb45c57f4e06ea47cf30daef109,T5,True,True,True,True,False,1.0,1.0,scored
1bb334960dd158817d9ab53b44a9ebe04a8719e547ebe807e0884c8a38718119,T1,True,False,True,True,True,0.7936131065925611,1.0,scored
4bcf0f75c215cf80d27455bbc8f93cc8f4b918fadafb025948d35126e92c0f68,T2,True,True,True,False,False,1.0,1.0,scored
9b5dda464d457ab1bff1a73d39aecaa9d3c85bb31b616dd4803266fcd66cdc99,T3,True,True,True,True,False,1.0,1.0,scored
3f465d9b8384cdd3a841624fb5731472d5ba41bac29ddfa3a6458f08d9f5d981,T4,True,True,True,True,True,1.0,1.0,scored
5eb603a43d1d4c2190de1f810c76e2f0b13193d7da482f58893217f6512eec89,T5,True,False,False,True,False,,,invalid_patch
c507f71b873df34fb78f32b9ffa97634148773fafdde7843cc2f7dab4a9c0aba,T1,True,True,True,False,False,1.0,1.0,scored
d1df53f1f72e74a82322c0d5d13d8c167e54348b501a1acbd01eafb5d247f138,T2,True,True,True,False,False,1.0,1.0,scored
bcacd7a3399909f07ddada44bd8b0b4a7a8d9e44e2f78ea8eae17c2d0aefd422,T3,True,True,True,True,False,1.0,1.0,scored
478c058d89cf5ac97bcb1e94845069f818c684512641c70d829638087c123632,T4,True,False,False,False,False,0.805344193995002,0.805344193995002,scored
b61bd7f12f1b5e94256e889d5b3589d69daf461dd7ab4ec2a2879946373a40ee,T5,True,False,False,True,False,0.9318309902646096,0.9318309902646096,scored
176a928f1920319edd3d66a0d89a762ed42f8ab8cbc439ce0d509d960aa26983,T1,True,True,True,False,False,1.0,1.0,scored
16e84dc230604178f87ae41ad57a6325999f488f04577e5161c1e3d5dd2c0a9f,T2,True,True,True,False,False,1.0,1.0,scored
76ca895fdaf81169ecb2425b6c2329640ea8faa19a90b4c43375ec5887f69fb1,T4,True,False,False,True,True,0.9466955862930557,0.9466955862930557,scored
6683aff140a2234a9d4dd2e4afc87039d4a52df1cb69df775a496190c7fae281,T5,True,True,True,True,False,1.0,1.0,scored
eeb05d36fac088713b71a6e0ed76728fa20b0402f636ac4b32c71c7d2c6272d6,T1,True,True,True,False,False,1.0,1.0,scored
2bebdb495dbbe90a9216b449f6d467cbb5b8dabe74ac6c62a93c53c9fb1f0c1f,T4,True,True,True,False,False,1.0,1.0,scored
af5c96f6ae6060d314007784199307cf2efa0795e02af3bee63e310bf70b8b21,T5,True,False,False,True,False,0.9318171568995318,0.9318171568995318,scored
f0cdaa4300f3694e3cae0a7a91d4fb4d5ec574389f07137e3b30f5b7db45375e,T1,True,True,True,False,False,1.0,1.0,scored
c2b9c8d36d164d831c3927086d45a516037efaa38f2c9df0d8c61eb7e1959987,T4,True,False,False,False,False,0.9980363877501275,0.9980363877501275,scored
7d8752ab262dd60749c5f76f3c4028c92a339cdd49cdb8ab23fcf89e0fd1745f,T5,True,True,True,True,False,1.0,1.0,scored
b226256253055ed17f61c738ec4587db131870a836c88c375b3fc8d2a6b845e0,T1,True,True,True,False,False,1.0,1.0,scored
4e9651f30263c88421f5f6803886593b7a431eeb5be5fa23ce8003a9fa0d1f80,T4,True,False,False,True,False,0.9501779741635575,0.9501779741635575,scored
21f56391b72c4288e7104c836513339a33ad6dfac3282a0a47746f2038aedf74,T5,True,True,True,True,False,1.0,1.0,scored
b4dfe2f332ec746a179d44a402ecb358d814fe84ca1b27e5bb3ec03f3594fd33,T1,True,True,True,False,False,1.0,1.0,scored
ea84345915fe2abdc54115c4bbd0b65e50e5774954d804a1377d2ca6185825b8,T4,True,True,True,True,False,0.9999999999999966,0.9999999999999966,scored
1888d6095b6409fe023a823e276c3ba44c2652e62eb59c18418ddaacc36fb7cc,T5,True,True,True,False,False,0.9999999999999337,0.9999999999999337,scored
cfea64c436bcf31b72903a83002964adfdcad64cb6b2b07dd996ff9fd23252cb,T1,True,True,True,False,False,1.0,1.0,scored
b8806ff74e840b74918c5aafd6856b33f30126ce88c368d3bb0ee067dc956a65,T4,True,True,True,False,False,1.0,1.0,scored
0765076203f6d944089bf2f223843e4aac8a8711d371af2ce478204da661063e,T5,True,True,True,True,False,0.9999999727540595,0.9999999727540595,scored
f6a3ced5a1eaa818db6dced845253cf028e394ef146a4270da878b5122c20d4e,T1,True,True,True,True,False,0.999999999999984,0.999999999999984,scored
99705d173001fd23ccbfdfa39068a0a5678889f46f1c437c9f7c8a2b15df59a8,T4,True,False,False,False,False,0.9935010346981215,0.9935010346981215,scored
96c09e186858d9e93db73874d75e02c74e82ccf3dcb4bc06dd074b4b5bd02d34,T5,True,False,False,True,False,0.25052677628027376,0.25052677628027376,scored
b5a531628bb9880e79385505ac3c826378856cdd09ca5c4fff4186486ff1b528,T1,True,True,True,False,False,1.0,1.0,scored
ecf0700cefb8d74eea64f5a8e7f8258fa030734c47da4a0e06577bca1aa6c021,T4,True,False,False,False,False,0.9929635663077582,0.9929635663077582,scored
fcb44c550d22f60b48836fb14557634d7d75f7b747aaa79f055c2bd26bf1c849,T5,True,True,True,True,False,1.0,1.0,scored
2d0646e93210e112680b005624990389e3aed2935f12d3022453223300c59773,T1,True,True,True,False,False,0.9999999999999085,0.9999999999999085,scored
b2f3936a1c70db3e55020cc3eec865473ad6dd5a27b256999943f7177ae338cf,T4,True,True,True,True,False,1.0,1.0,scored
a159be673639dbcacb456cb1bfdea3a6b02236b84972a4307798bd6ddb977911,T1,True,True,True,False,False,1.0,1.0,scored
3352116bd60064e5ed2ed0fa4a455a238be86b8ceed4b40eca9dbe29146b3620,T4,True,False,False,True,False,0.8759714932611511,0.8759714932611511,scored
a9b62432bee2619a1b2297c2bf66eb535b2bc3829b020682abda67653509f116,T1,True,True,True,False,False,1.0,1.0,scored
401745921cc1b5094f149b6ec00e87f276fccf510b5633f35c3a3635fe2c707b,T4,True,False,False,False,False,0.9935010346981215,0.9935010346981215,scored
8faf5ad46eb9869e1168e959aefbce6032ead166a2f4157938f95ffe0f43d5cb,T1,True,False,False,True,False,0.9733387844884398,0.9733387844884398,scored
6689506209c6d6ff76f59396c7c84e09e2b8df8e8802b1c584cb6571a7c9ec6d,T4,True,False,False,False,False,0.9987664089801007,0.9987664089801007,scored
c4dd21851a3cc28784939e123ce7acfb39939414f1d4f284c308fa2d23d181cd,T1,True,True,True,False,False,1.0,1.0,scored
6bbf475a389e0662f58d7925c4b94f9e77db2f76c13cd0268af7c06de7fd16ee,T4,True,True,True,False,False,1.0,1.0,scored
b923d8bed19d335f819f681cf4c184eddd48a4d7882d36791104935782f0ea32,T1,True,True,True,False,False,1.0,1.0,scored
75843f475cb19d81a09bd9fa261f0e6f7a90ecafbc977a5b7ba6fcc5f4228a62,T4,True,False,False,False,False,0.9653818991339946,0.9653818991339946,scored
2f45a63a110d820e89c4ff9e5deab7e97668cdb09ae7f54a692b43c7147b6156,T4,True,True,True,False,False,1.0,1.0,scored
d4b7105feb7f1c04df71739094388abc2a9ac4a09c02663aa61bb87fde52c772,T4,True,False,False,True,False,0.9998497660571062,0.9998497660571062,scored
